"Date","Price","Open","High","Low","Change %"
"08/08/2025","24.800","24.800","24.800","24.800","0.04%"
"08/07/2025","24.790","25.270","25.270","24.790","-1.86%"
"08/06/2025","25.260","25.590","25.590","25.260","-1.25%"
"08/05/2025","25.580","25.580","25.580","25.580","0.04%"
"08/04/2025","25.570","25.700","25.700","25.570","-0.43%"
"08/01/2025","25.680","25.680","25.680","25.680","0.04%"
"07/31/2025","25.670","25.670","25.670","25.670","0.00%"
"07/30/2025","25.670","25.670","25.670","25.670","0.04%"
"07/29/2025","25.660","25.660","25.660","25.660","0.04%"
"07/28/2025","25.650","25.650","25.650","25.650","-2.40%"
"07/25/2025","26.280","26.280","26.280","26.280","0.04%"
"07/24/2025","26.270","26.270","26.270","26.270","0.00%"
"07/23/2025","26.270","26.270","26.270","26.270","0.04%"
"07/22/2025","26.260","26.260","26.260","26.260","0.27%"
"07/21/2025","26.190","26.190","26.190","26.190","0.08%"
"07/18/2025","26.170","26.170","26.170","26.170","0.04%"
"07/17/2025","26.160","26.160","26.160","26.160","0.04%"
"07/16/2025","26.150","26.150","26.150","26.150","0.00%"
"07/15/2025","26.150","26.150","26.150","26.150","0.00%"
"07/14/2025","26.150","26.150","26.150","26.150","0.11%"
"07/11/2025","26.120","26.120","26.120","26.120","-0.46%"
"07/10/2025","26.240","26.240","26.240","26.240","0.04%"
"07/09/2025","26.230","26.230","26.230","26.230","0.00%"
"07/08/2025","26.230","26.230","26.230","26.230","0.04%"
"07/07/2025","26.220","26.220","26.220","26.220","0.58%"
"07/04/2025","26.070","26.070","26.070","26.070","0.66%"
"07/03/2025","25.900","25.900","25.900","25.900","0.00%"
"07/02/2025","25.900","25.900","25.900","25.900","0.04%"
"07/01/2025","25.890","25.890","25.890","25.890","0.00%"
"06/30/2025","25.890","25.860","25.890","25.860","0.12%"
"06/27/2025","25.860","25.860","25.860","25.860","0.00%"
"06/26/2025","25.860","25.860","25.860","25.860","0.04%"
"06/25/2025","25.850","25.850","25.850","25.850","0.00%"
"06/24/2025","25.850","25.850","25.850","25.850","0.04%"
"06/23/2025","25.840","25.840","25.840","25.840","-0.31%"
"06/20/2025","25.920","25.920","25.920","25.920","0.04%"
"06/19/2025","25.910","25.910","25.910","25.910","0.04%"
"06/18/2025","25.900","25.900","25.900","25.900","0.00%"
"06/17/2025","25.900","25.900","25.900","25.900","0.04%"
"06/16/2025","25.890","25.890","25.890","25.890","0.08%"
"06/13/2025","25.870","25.870","25.870","25.870","0.62%"
"06/12/2025","25.710","25.710","25.710","25.710","0.00%"
"06/11/2025","25.710","25.710","25.710","25.710","-0.19%"
"06/10/2025","25.760","25.760","25.760","25.760","0.00%"
"06/09/2025","25.760","25.760","25.760","25.760","0.08%"
"06/06/2025","25.740","25.740","25.740","25.740","0.04%"
"06/05/2025","25.730","25.730","25.730","25.730","1.22%"
"06/04/2025","25.420","25.420","25.420","25.420","0.04%"
"06/03/2025","25.410","25.410","25.410","25.410","0.00%"
"06/02/2025","25.410","25.410","25.410","25.410","0.08%"
"05/30/2025","25.390","25.390","25.390","25.390","-0.47%"
"05/29/2025","25.510","25.510","25.510","25.510","0.04%"
"05/28/2025","25.500","25.500","25.500","25.500","0.00%"
"05/27/2025","25.500","25.500","25.500","25.500","0.04%"
"05/26/2025","25.490","25.490","25.490","25.490","0.04%"
"05/23/2025","25.480","25.480","25.480","25.480","0.04%"
"05/22/2025","25.470","25.470","25.470","25.470","0.00%"
"05/21/2025","25.470","25.470","25.470","25.470","0.04%"
"05/20/2025","25.460","25.460","25.460","25.460","0.00%"
"05/19/2025","25.460","25.460","25.460","25.460","0.08%"
"05/16/2025","25.440","25.440","25.440","25.440","0.00%"
"05/15/2025","25.440","25.440","25.440","25.440","0.04%"
"05/14/2025","25.430","25.430","25.430","25.430","0.04%"
"05/13/2025","25.420","25.420","25.420","25.420","0.00%"
"05/12/2025","25.420","25.420","25.420","25.420","0.00%"
"05/09/2025","25.420","25.420","25.420","25.420","0.00%"
"05/08/2025","25.420","25.420","25.420","25.420","0.16%"
"05/07/2025","25.380","25.380","25.380","25.380","0.04%"
"05/06/2025","25.370","25.370","25.370","25.370","0.04%"
"05/05/2025","25.360","25.360","25.360","25.360","0.00%"
"05/02/2025","25.360","25.360","25.360","25.360","0.00%"
"05/01/2025","25.360","25.480","25.520","25.360","-0.47%"
"04/30/2025","25.480","25.480","25.480","25.480","0.04%"
"04/29/2025","25.470","25.470","25.470","25.470","0.04%"
"04/28/2025","25.460","25.460","25.460","25.460","0.08%"
"04/25/2025","25.440","25.440","25.440","25.440","0.04%"
"04/24/2025","25.430","25.430","25.430","25.430","0.00%"
"04/23/2025","25.430","25.430","25.430","25.430","0.04%"
"04/22/2025","25.420","25.420","25.420","25.420","0.00%"
"04/21/2025","25.420","25.420","25.420","25.420","0.12%"
"04/18/2025","25.390","25.390","25.390","25.390","0.04%"
"04/17/2025","25.380","25.380","25.380","25.380","0.59%"
"04/16/2025","25.230","25.230","25.230","25.230","0.04%"
"04/15/2025","25.220","25.220","25.220","25.220","0.04%"
"04/14/2025","25.210","25.210","25.210","25.210","0.08%"
"04/11/2025","25.190","0.000","0.000","0.000","0.00%"
"04/10/2025","25.190","0.000","0.000","0.000","0.04%"
"04/09/2025","25.180","0.000","0.000","0.000","0.04%"
"04/08/2025","25.170","0.000","0.000","0.000","0.00%"
"04/07/2025","25.170","0.000","0.000","0.000","0.08%"
"04/04/2025","25.150","25.150","25.150","25.150","2.44%"
"04/03/2025","24.550","24.550","24.550","24.550","0.04%"
"04/02/2025","24.540","24.540","24.540","24.540","0.00%"
"04/01/2025","24.540","24.540","24.540","24.540","0.04%"
"03/31/2025","24.530","24.530","24.530","24.530","1.28%"
"03/28/2025","24.220","0.000","0.000","0.000","0.00%"
"03/27/2025","24.220","0.000","0.000","0.000","0.04%"
"03/26/2025","24.210","0.000","0.000","0.000","0.00%"
"03/25/2025","24.210","0.000","0.000","0.000","0.04%"
"03/24/2025","24.200","0.000","0.000","0.000","0.04%"
"03/21/2025","24.190","0.000","0.000","0.000","0.04%"
"03/20/2025","24.180","0.000","0.000","0.000","0.04%"
"03/19/2025","24.170","0.000","0.000","0.000","0.00%"
"03/18/2025","24.170","0.000","0.000","0.000","0.04%"
"03/17/2025","24.160","0.000","0.000","0.000","0.04%"
"03/14/2025","24.150","0.000","0.000","0.000","0.04%"
"03/13/2025","24.140","0.000","0.000","0.000","0.00%"
"03/12/2025","24.140","0.000","0.000","0.000","0.04%"
"03/11/2025","24.130","0.000","0.000","0.000","0.00%"
"03/10/2025","24.130","24.110","24.130","24.110","0.08%"
"03/07/2025","24.110","24.110","0.000","24.110","0.00%"
"03/06/2025","24.110","24.110","24.110","24.110","0.04%"
"03/05/2025","24.100","24.100","24.100","24.100","0.00%"
"03/04/2025","24.100","24.100","24.100","24.100","0.04%"
"03/03/2025","24.090","24.090","24.090","24.090","1.26%"
"02/28/2025","23.790","0.000","0.000","0.000","0.00%"
"02/27/2025","23.790","23.790","23.790","23.790","-72.26%"
"02/26/2025","85.749","0.000","0.000","0.000","-0.01%"
"02/25/2025","85.755","25.400","25.400","25.400","0.01%"
"02/24/2025","85.745","25.400","25.400","25.400","0.00%"
"02/21/2025","85.746","25.380","25.380","25.380","-0.01%"
"02/20/2025","85.752","25.370","25.370","25.370","-0.01%"
"02/19/2025","85.757","25.360","25.360","25.360","0.01%"
"02/18/2025","85.748","25.360","25.360","25.360","-0.01%"
"02/17/2025","85.754","25.350","25.350","25.350","0.00%"
"02/14/2025","85.756","25.330","25.330","25.330","0.01%"
"02/13/2025","85.746","25.330","25.330","25.330","-0.01%"
"02/12/2025","85.752","25.320","25.320","25.320","0.29%"
"02/11/2025","85.506","0.000","0.000","0.000","0.01%"
"02/10/2025","85.497","0.000","0.000","0.000","0.00%"
"02/07/2025","85.499","0.000","0.000","0.000","-0.01%"
"02/06/2025","85.506","0.000","0.000","0.000","0.01%"
"02/05/2025","85.496","0.000","0.000","0.000","-0.01%"
"02/04/2025","85.503","0.000","0.000","0.000","0.01%"
"02/03/2025","85.493","0.000","0.000","0.000","0.00%"
"01/31/2025","85.497","25.410","25.410","25.410","0.59%"
"01/30/2025","84.998","0.000","0.000","0.000","-0.01%"
"01/29/2025","85.004","0.000","0.000","0.000","0.01%"
"01/28/2025","84.995","0.000","0.000","0.000","-0.01%"
"01/27/2025","85.001","0.000","0.000","0.000","0.00%"
"01/24/2025","85.005","0.000","0.000","0.000","0.01%"
"01/23/2025","84.995","0.000","0.000","0.000","-0.01%"
"01/22/2025","85.002","0.000","0.000","0.000","0.01%"
"01/21/2025","84.993","0.000","0.000","0.000","-0.01%"
"01/20/2025","84.999","0.000","0.000","0.000","-0.01%"
"01/17/2025","85.004","0.000","0.000","0.000","0.01%"
"01/16/2025","84.995","25.640","25.640","25.640","-0.01%"
"01/15/2025","85.002","25.630","25.630","25.630","-3.63%"
"01/14/2025","88.201","24.270","25.630","24.270","0.01%"
"01/13/2025","88.194","23.670","23.670","23.670","-0.01%"
"01/10/2025","88.207","23.650","23.650","23.650","0.01%"
"01/09/2025","88.200","0.000","0.000","0.000","0.01%"
"01/08/2025","88.193","0.000","0.000","0.000","-0.02%"
"01/07/2025","88.210","23.640","23.640","23.640","0.01%"
"01/06/2025","88.197","0.000","0.000","0.000","0.00%"
"01/03/2025","88.194","0.000","0.000","0.000","0.01%"
"01/02/2025","88.187","0.000","0.000","0.000","0.00%"
"01/01/2025","88.187","23.630","23.630","23.630","0.01%"
"12/31/2024","88.174","23.630","23.630","23.630","-0.03%"
"12/30/2024","88.201","23.610","23.610","23.610","0.00%"
"12/27/2024","88.199","23.600","23.600","23.600","0.01%"
"12/26/2024","88.193","23.600","23.600","23.600","0.00%"
"12/25/2024","88.193","23.600","23.600","23.600","0.00%"
"12/24/2024","88.197","23.590","23.590","23.590","-0.01%"
"12/23/2024","88.208","23.580","23.580","23.580","0.00%"
"12/20/2024","88.206","23.570","23.570","23.570","0.24%"
"12/19/2024","87.995","23.570","23.570","23.570","-0.01%"
"12/18/2024","88.006","23.680","23.680","23.680","0.01%"
"12/17/2024","88.000","23.680","23.680","23.680","0.01%"
"12/16/2024","87.993","23.680","23.680","23.680","0.00%"
"12/13/2024","87.992","23.670","23.670","23.670","-0.01%"
"12/12/2024","88.004","23.660","23.660","23.660","0.01%"
"12/11/2024","87.997","23.660","23.660","23.660","0.01%"
"12/10/2024","87.992","23.660","23.660","23.660","-0.01%"
"12/09/2024","88.003","23.650","23.650","23.650","0.00%"
"12/06/2024","88.003","23.640","23.640","23.640","0.01%"
"12/05/2024","87.997","23.640","23.640","23.640","-0.01%"
"12/04/2024","88.008","23.630","23.630","23.630","0.01%"
"12/03/2024","88.003","23.630","23.630","23.630","0.01%"
"12/02/2024","87.997","23.630","23.630","23.630","0.00%"
"11/29/2024","87.997","23.620","23.620","23.620","0.01%"
"11/28/2024","87.992","23.620","23.620","23.620","-0.01%"
"11/27/2024","88.004","23.610","23.610","23.610","0.01%"
"11/26/2024","87.996","23.610","23.610","23.610","-0.01%"
"11/25/2024","88.006","23.600","23.600","23.600","0.01%"
"11/22/2024","88.000","23.590","23.590","23.590","0.01%"
"11/21/2024","87.993","23.590","23.590","23.590","-0.01%"
"11/20/2024","88.003","23.580","23.580","23.580","0.01%"
"11/19/2024","87.995","23.580","23.580","23.580","-0.01%"
"11/18/2024","88.005","23.570","23.570","23.570","0.00%"
"11/15/2024","88.001","23.560","23.560","23.560","1.73%"
"11/14/2024","86.508","24.420","24.420","24.420","0.01%"
"11/13/2024","86.500","24.420","24.420","24.420","0.01%"
"11/12/2024","86.492","24.420","24.420","24.420","-0.01%"
"11/11/2024","86.501","24.410","24.410","24.410","0.01%"
"11/08/2024","86.494","24.400","24.400","24.400","-0.01%"
"11/07/2024","86.503","24.390","24.390","24.390","0.01%"
"11/06/2024","86.495","24.390","24.390","24.390","-0.01%"
"11/05/2024","86.505","24.380","24.380","24.380","0.01%"
"11/04/2024","86.497","24.380","24.380","24.380","-0.57%"
"11/01/2024","86.992","24.080","24.080","24.080","-0.01%"
"10/31/2024","87.002","24.070","24.070","24.070","0.01%"
"10/30/2024","86.994","24.070","24.070","24.070","-0.01%"
"10/29/2024","87.005","24.060","24.060","24.060","0.01%"
"10/28/2024","86.997","24.060","24.060","24.060","0.00%"
"10/25/2024","86.993","24.050","24.050","24.050","-0.01%"
"10/24/2024","87.004","24.040","24.040","24.040","0.01%"
"10/23/2024","86.996","24.040","24.040","24.040","-0.01%"
"10/22/2024","87.007","24.030","24.030","24.030","0.01%"
"10/21/2024","87.000","24.030","24.030","24.030","0.00%"
"10/18/2024","86.996","24.020","24.020","24.020","-0.01%"
"10/17/2024","87.007","24.010","24.010","24.010","0.01%"
"10/16/2024","87.000","24.010","24.010","24.010","0.01%"
"10/15/2024","86.994","24.010","24.010","24.010","-0.01%"
"10/14/2024","87.004","24.000","24.000","24.000","0.00%"
"10/11/2024","87.002","23.990","23.990","23.990","0.01%"
"10/10/2024","86.995","23.990","23.990","23.990","-0.01%"
"10/09/2024","87.006","23.980","23.980","23.980","0.01%"
"10/08/2024","87.000","23.980","23.980","23.980","0.01%"
"10/07/2024","86.993","23.980","23.980","23.980","0.00%"
"10/04/2024","86.991","23.970","23.970","23.970","-0.01%"
"10/03/2024","87.003","23.960","23.960","23.960","0.01%"
"10/02/2024","86.996","23.960","23.960","23.960","0.01%"
"10/01/2024","86.990","23.960","23.960","23.960","0.01%"
"09/30/2024","86.984","23.960","23.960","23.960","-0.02%"
"09/27/2024","87.001","23.940","23.940","23.940","0.01%"
"09/26/2024","86.994","23.940","23.940","23.940","-0.01%"
"09/25/2024","87.006","23.930","23.930","23.930","0.01%"
"09/24/2024","87.000","23.930","23.930","23.930","0.01%"
"09/23/2024","86.994","23.930","23.930","23.930","0.00%"
"09/20/2024","86.994","23.920","23.920","23.920","-0.01%"
"09/19/2024","87.006","23.910","23.910","23.910","0.01%"
"09/18/2024","87.000","23.910","23.910","23.910","0.01%"
"09/17/2024","86.994","23.910","23.910","23.910","-2.25%"
"09/16/2024","88.997","24.720","24.720","24.720","-0.01%"
"09/13/2024","89.004","24.620","24.620","24.620","0.00%"
"09/12/2024","89.002","24.590","24.590","24.590","0.00%"
"09/11/2024","88.999","24.560","24.560","24.560","0.00%"
"09/10/2024","88.996","24.530","24.530","24.530","0.00%"
"09/09/2024","88.994","24.500","24.500","24.500","-0.01%"
"09/06/2024","89.004","24.400","24.400","24.400","0.00%"
"09/05/2024","89.002","24.370","24.370","24.370","0.00%"
"09/04/2024","89.001","24.340","24.340","24.340","4.70%"
"09/03/2024","85.007","26.720","26.720","26.720","6.93%"
"09/02/2024","79.501","26.690","26.690","26.690","0.00%"
"08/30/2024","79.501","30.190","30.190","30.190","0.00%"
"08/29/2024","79.502","30.150","30.150","30.150","0.00%"
"08/28/2024","79.503","30.110","30.110","30.110","0.01%"
"08/27/2024","79.497","33.980","33.980","33.980","-0.01%"
"08/26/2024","79.505","33.980","33.980","33.980","0.00%"
"08/23/2024","79.505","33.780","33.780","33.780","0.01%"
"08/22/2024","79.494","33.740","33.740","33.740","0.00%"
"08/21/2024","79.497","33.690","33.690","33.690","0.00%"
"08/20/2024","79.499","33.640","33.640","33.640","0.00%"
"08/19/2024","79.502","33.590","33.590","33.590","-3.64%"
"08/16/2024","82.503","31.260","31.260","31.260","0.01%"
"08/15/2024","82.498","31.220","31.220","31.220","0.01%"
"08/14/2024","82.493","31.180","31.180","31.180","-0.01%"
"08/13/2024","82.503","31.130","31.130","31.130","0.01%"
"08/12/2024","82.498","31.090","31.090","31.090","0.00%"
"08/09/2024","82.501","30.960","30.960","30.960","0.00%"
"08/08/2024","82.497","30.920","30.920","30.920","1.22%"
"08/07/2024","81.499","30.880","30.880","30.880","0.01%"
"08/06/2024","81.494","31.540","31.540","31.540","164.63%"
"08/05/2024","30.795","30.795","30.795","30.795","-62.22%"
"08/02/2024","81.504","31.360","31.360","31.360","0.00%"
"08/01/2024","81.500","31.320","31.320","31.320","0.00%"
"07/31/2024","81.496","31.280","31.280","31.280","-0.01%"
"07/30/2024","81.507","31.230","31.230","31.230","0.00%"
"07/29/2024","81.503","31.190","31.190","31.190","0.01%"
"07/26/2024","81.493","31.070","31.070","31.070","-0.01%"
"07/25/2024","81.505","31.020","31.020","31.020","22.57%"
"07/24/2024","66.498","32.530","32.530","32.530","-0.01%"
"07/23/2024","66.506","32.480","32.480","32.480","0.01%"
"07/22/2024","66.501","32.440","32.440","32.440","-0.23%"
"07/19/2024","66.655","31.555","31.555","31.555","0.24%"
"07/18/2024","66.497","32.270","32.270","32.270","-0.01%"
"07/17/2024","66.506","32.220","32.220","32.220","0.01%"
"07/16/2024","66.502","32.180","32.180","32.180","0.00%"
"07/15/2024","66.499","32.140","32.140","32.140","0.00%"
"07/12/2024","66.502","32.010","32.010","32.010","0.00%"
"07/11/2024","66.499","31.970","31.970","31.970","0.00%"
"07/10/2024","66.496","31.930","31.930","31.930","0.00%"
"07/09/2024","66.494","31.890","31.890","31.890","-0.02%"
"07/08/2024","66.504","31.840","31.840","31.840","1.14%"
"07/05/2024","65.753","32.340","32.340","32.340","0.00%"
"07/04/2024","65.750","32.300","32.300","32.300","0.00%"
"07/03/2024","65.747","32.260","32.260","32.260","0.00%"
"07/02/2024","65.745","32.220","32.220","32.220","-0.01%"
"07/01/2024","65.754","32.170","32.170","32.170","0.00%"
"06/28/2024","65.754","32.170","32.170","32.170","0.01%"
"06/27/2024","65.745","32.010","32.010","32.010","-0.02%"
"06/26/2024","65.755","31.960","31.960","31.960","0.00%"
"06/25/2024","65.754","31.920","31.920","31.920","0.00%"
"06/24/2024","65.752","31.880","31.880","31.880","0.01%"
"06/21/2024","65.748","31.760","31.760","31.760","0.00%"
"06/20/2024","65.747","31.720","31.720","31.720","0.00%"
"06/19/2024","65.746","31.680","31.680","31.680","0.00%"
"06/18/2024","65.745","31.640","31.640","31.640","0.00%"
"06/17/2024","65.744","31.600","31.600","31.600","-0.02%"
"06/14/2024","65.755","31.470","31.470","31.470","0.00%"
"06/13/2024","65.755","31.430","31.430","31.430","0.00%"
"06/12/2024","65.755","31.390","31.390","31.390","1.17%"
"06/11/2024","64.996","31.970","31.970","31.970","2.35%"
"06/10/2024","63.503","33.180","33.180","33.180","0.01%"
"06/07/2024","63.494","33.060","33.060","33.060","-0.02%"
"06/06/2024","63.504","33.010","33.010","33.010","1.61%"
"06/05/2024","62.497","33.830","33.830","33.830","-0.01%"
"06/04/2024","62.505","33.780","33.780","33.780","0.01%"
"06/03/2024","62.501","33.740","33.740","33.740","1.62%"
"05/31/2024","61.504","34.480","34.480","34.480","0.01%"
"05/30/2024","61.499","34.440","34.440","34.440","0.01%"
"05/29/2024","61.494","34.400","34.400","34.400","-0.01%"
"05/28/2024","61.501","34.350","34.350","34.350","0.01%"
"05/27/2024","61.497","34.310","34.310","34.310","0.00%"
"05/24/2024","61.497","34.180","34.180","34.180","-0.01%"
"05/23/2024","61.504","34.130","34.130","34.130","1.24%"
"05/22/2024","60.749","34.750","34.750","34.750","-0.01%"
"05/21/2024","60.756","34.700","34.700","34.700","75.29%"
"05/20/2024","34.660","34.660","34.660","34.660","-59.08%"
"05/17/2024","84.711","18.150","18.150","18.150","0.00%"
"05/16/2024","84.709","18.130","18.130","18.130","0.00%"
"05/15/2024","84.708","18.110","18.110","18.110","0.00%"
"05/14/2024","84.706","18.090","18.090","18.090","0.00%"
"05/13/2024","84.705","18.070","18.070","18.070","-5.84%"
"05/10/2024","89.961","18.020","18.020","18.020","0.00%"
"05/09/2024","89.961","18.020","18.020","18.020","0.01%"
"05/08/2024","89.955","17.980","17.980","17.980","0.36%"
"05/07/2024","89.631","18.130","18.130","18.130","0.00%"
"05/06/2024","89.628","18.110","18.110","18.110","0.03%"
"05/03/2024","89.599","18.060","18.060","18.060","0.00%"
"05/02/2024","89.596","18.040","18.040","18.040","0.00%"
"05/01/2024","89.596","18.040","18.040","18.040","0.70%"
"04/30/2024","88.969","18.000","18.000","18.000","0.00%"
"04/29/2024","88.965","18.310","18.310","18.310","0.01%"
"04/26/2024","88.955","18.250","18.250","18.250","0.02%"
"04/25/2024","88.933","18.240","18.240","18.240","0.00%"
"04/24/2024","88.929","18.220","18.220","18.220","0.00%"
"04/23/2024","88.926","18.200","18.200","18.200","0.00%"
"04/22/2024","88.923","18.180","18.180","18.180","0.03%"
"04/19/2024","88.896","18.130","18.130","18.130","0.00%"
"04/18/2024","88.893","18.110","18.110","18.110","0.00%"
"04/17/2024","88.891","18.090","18.090","18.090","0.02%"
"04/16/2024","88.869","18.080","18.080","18.080","0.00%"
"04/15/2024","88.867","18.060","18.060","18.060","0.03%"
"04/12/2024","88.841","18.010","18.010","18.010","0.00%"
"04/11/2024","88.839","17.990","17.990","17.990","0.00%"
"04/10/2024","88.837","17.970","17.970","17.970","0.02%"
"04/09/2024","88.816","17.960","17.960","17.960","-1.36%"
"04/08/2024","90.040","17.310","17.310","17.310","0.02%"
"04/05/2024","90.020","17.260","17.260","17.260","0.00%"
"04/04/2024","90.020","17.240","17.240","17.240","0.02%"
"04/03/2024","90.000","17.230","17.230","17.230","0.00%"
"04/02/2024","90.001","17.210","17.210","17.210","0.00%"
"04/01/2024","90.001","17.190","17.190","17.190","0.04%"
"03/29/2024","89.963","17.150","17.150","17.150","0.00%"
"03/28/2024","89.964","17.130","17.130","17.130","0.00%"
"03/27/2024","89.964","17.110","17.110","17.110","0.02%"
"03/26/2024","89.945","17.100","17.100","17.100","0.00%"
"03/25/2024","89.946","17.080","17.080","17.080","0.02%"
"03/22/2024","89.930","17.030","17.030","17.030","0.02%"
"03/21/2024","89.911","17.020","17.020","17.020","0.00%"
"03/20/2024","89.912","17.000","17.000","17.000","0.00%"
"03/19/2024","89.914","16.980","16.980","16.980","0.02%"
"03/18/2024","89.895","16.970","16.970","16.970","1.39%"
"03/15/2024","88.659","17.530","17.530","17.530","0.02%"
"03/14/2024","88.640","17.520","17.520","17.520","0.00%"
"03/13/2024","88.640","17.500","17.500","17.500","0.00%"
"03/12/2024","88.641","17.480","17.480","17.480","0.02%"
"03/11/2024","88.621","17.470","17.470","17.470","0.00%"
"03/08/2024","88.621","17.470","17.470","17.470","0.02%"
"03/07/2024","88.604","17.400","17.400","17.400","0.02%"
"03/06/2024","88.586","17.390","17.390","17.390","0.00%"
"03/05/2024","88.587","17.370","17.370","17.370","0.00%"
"03/04/2024","88.588","17.350","17.350","17.350","0.02%"
"03/01/2024","88.572","17.300","17.300","17.300","0.02%"
"02/29/2024","88.553","17.290","17.290","17.290","0.00%"
"02/28/2024","88.554","17.270","17.270","17.270","0.02%"
"02/27/2024","88.536","17.260","17.260","17.260","0.00%"
"02/26/2024","88.537","17.240","17.240","17.240","0.02%"
"02/23/2024","88.523","17.190","17.190","17.190","0.02%"
"02/22/2024","88.505","17.180","17.180","17.180","0.00%"
"02/21/2024","88.507","17.160","17.160","17.160","0.02%"
"02/20/2024","88.489","17.150","17.150","17.150","0.00%"
"02/19/2024","88.491","17.130","17.130","17.130","0.01%"
"02/16/2024","88.478","17.080","17.080","17.080","0.02%"
"02/15/2024","88.460","17.070","17.070","17.070","0.00%"
"02/14/2024","88.463","17.050","17.050","17.050","1.42%"
"02/13/2024","87.227","17.040","17.040","17.040","0.02%"
"02/12/2024","87.208","17.630","17.630","17.630","0.02%"
"02/09/2024","87.192","17.580","17.580","17.580","0.00%"
"02/08/2024","87.194","17.560","17.560","17.560","0.02%"
"02/07/2024","87.175","17.550","17.550","17.550","-1.39%"
"02/06/2024","88.405","17.530","17.530","17.530","0.00%"
"02/05/2024","88.408","16.910","16.910","16.910","0.04%"
"02/02/2024","88.377","16.870","16.870","16.870","0.00%"
"02/01/2024","88.381","16.850","16.850","16.850","-1.36%"
"01/31/2024","89.604","16.840","16.840","16.840","-0.01%"
"01/30/2024","89.610","16.230","16.230","16.230","0.02%"
"01/29/2024","89.594","16.220","16.220","16.220","0.03%"
"01/26/2024","89.569","16.180","16.180","16.180","-0.01%"
"01/25/2024","89.575","16.160","16.160","16.160","-6.43%"
"01/24/2024","95.732","16.710","16.710","16.710","0.01%"
"01/23/2024","95.725","16.690","16.690","16.690","0.01%"
"01/22/2024","95.717","16.670","16.670","16.670","4.22%"
"01/19/2024","91.837","19.000","19.000","19.000","1.24%"
"01/18/2024","90.709","19.700","19.700","19.700","-5.20%"
"01/17/2024","95.682","16.570","16.570","16.570","4.78%"
"01/16/2024","91.315","19.250","19.250","19.250","-4.57%"
"01/15/2024","95.685","16.520","16.520","16.520","4.99%"
"01/12/2024","91.139","19.250","19.250","19.250","-4.73%"
"01/11/2024","95.660","16.440","16.440","16.440","5.24%"
"01/10/2024","90.894","19.350","19.350","19.350","0.05%"
"01/09/2024","90.850","15.405","15.405","15.405","29.79%"
"01/08/2024","70.000","16.400","16.400","16.400","0.00%"
"01/05/2024","70.000","16.320","16.320","16.320","0.00%"
"01/04/2024","70.000","16.300","16.300","16.300","-22.73%"
"01/03/2024","90.586","19.350","19.350","19.350","-5.27%"
"01/02/2024","95.624","16.250","16.250","16.250","0.00%"
"01/01/2024","95.624","16.250","16.250","16.250","0.02%"
"12/29/2023","95.604","16.170","16.170","16.170","-1.24%"
"12/28/2023","96.800","15.460","15.460","15.460","7.04%"
"12/27/2023","90.436","19.250","19.250","19.250","-6.55%"
"12/26/2023","96.776","15.430","15.430","15.430","0.00%"
"12/25/2023","96.776","15.430","15.430","15.430","0.01%"
"12/22/2023","96.766","15.350","15.350","15.350","0.00%"
"12/21/2023","96.763","15.330","15.330","15.330","7.36%"
"12/20/2023","90.131","19.250","19.250","19.250","-6.85%"
"12/19/2023","96.758","15.290","15.290","15.290","7.93%"
"12/18/2023","89.646","19.500","19.500","19.500","-7.33%"
"12/15/2023","96.732","15.220","15.220","15.220","8.12%"
"12/14/2023","89.471","19.500","19.500","19.500","-5.14%"
"12/13/2023","94.316","16.550","16.550","16.550","5.24%"
"12/12/2023","89.622","16.530","16.530","16.530","2.94%"
"12/11/2023","87.060","18.660","18.660","18.660","-2.41%"
"12/08/2023","89.208","19.500","19.500","19.500","0.05%"
"12/07/2023","89.165","19.500","19.500","19.500","0.05%"
"12/06/2023","89.121","19.350","19.350","19.350","2.40%"
"12/05/2023","87.034","20.800","20.800","20.800","-1.37%"
"12/04/2023","88.239","20.000","20.000","20.000","0.02%"
"12/01/2023","88.217","19.930","19.930","19.930","-0.72%"
"11/30/2023","88.860","19.500","19.500","19.500","0.05%"
"11/29/2023","88.816","19.500","19.500","19.500","0.05%"
"11/28/2023","88.773","19.500","19.500","19.500","-0.71%"
"11/27/2023","89.410","19.080","19.080","19.080","0.92%"
"11/24/2023","88.599","19.500","19.500","19.500","0.05%"
"11/23/2023","88.556","19.500","19.500","19.500","-0.94%"
"11/22/2023","89.392","18.960","18.960","18.960","1.04%"
"11/21/2023","88.469","19.500","19.500","19.500","0.05%"
"11/20/2023","88.426","19.500","19.500","19.500","-1.05%"
"11/17/2023","89.361","18.850","18.850","18.850","1.26%"
"11/16/2023","88.253","19.500","19.500","19.500","0.05%"
"11/15/2023","88.210","19.500","19.500","19.500","-7.74%"
"11/14/2023","95.607","18.780","18.780","18.780","1.30%"
"11/13/2023","94.377","19.500","19.500","19.500","-1.25%"
"11/10/2023","95.576","18.690","18.690","18.690","0.01%"
"11/09/2023","95.565","18.670","18.670","18.670","2.39%"
"11/08/2023","93.335","20.000","20.000","20.000","-2.31%"
"11/07/2023","95.542","18.630","18.630","18.630","-0.01%"
"11/06/2023","95.548","18.600","18.600","18.600","0.03%"
"11/03/2023","95.515","18.540","18.540","18.540","0.01%"
"11/02/2023","95.504","18.520","18.520","18.520","2.68%"
"11/01/2023","93.008","20.000","20.000","20.000","-2.61%"
"10/31/2023","95.499","18.470","18.470","18.470","0.01%"
"10/30/2023","95.489","18.450","18.450","18.450","3.11%"
"10/27/2023","92.613","20.100","20.100","20.100","-2.97%"
"10/26/2023","95.448","18.370","18.370","18.370","3.16%"
"10/25/2023","92.520","20.100","20.100","20.100","-3.06%"
"10/24/2023","95.445","18.320","18.320","18.320","0.01%"
"10/23/2023","95.435","18.300","18.300","18.300","3.23%"
"10/20/2023","92.451","20.000","20.000","20.000","0.05%"
"10/19/2023","92.405","20.000","20.000","20.000","0.49%"
"10/18/2023","91.950","20.250","20.250","20.250","-3.61%"
"10/17/2023","95.395","18.170","18.170","18.170","3.39%"
"10/16/2023","92.266","20.000","20.000","20.000","-0.71%"
"10/13/2023","92.923","20.250","20.250","20.250","0.01%"
"10/12/2023","92.911","19.500","19.500","19.500","1.40%"
"10/11/2023","91.624","20.250","20.250","20.250","-0.06%"
"10/10/2023","91.676","20.190","20.190","20.190","0.01%"
"10/09/2023","91.663","20.170","20.170","20.170","0.03%"
"10/06/2023","91.640","20.100","20.100","20.100","0.32%"
"10/05/2023","91.346","20.250","20.250","20.250","0.05%"
"10/04/2023","91.300","20.250","20.250","20.250","-0.35%"
"10/03/2023","91.617","20.030","20.030","20.030","4.20%"
"10/02/2023","87.927","22.300","22.300","22.300","0.02%"
"09/29/2023","87.906","22.220","22.220","22.220","-3.42%"
"09/28/2023","91.023","20.250","20.250","20.250","3.57%"
"09/27/2023","87.887","22.170","22.170","22.170","0.02%"
"09/26/2023","87.870","22.150","22.150","22.150","-3.32%"
"09/25/2023","90.885","20.250","20.250","20.250","3.47%"
"09/22/2023","87.835","22.050","22.050","22.050","-3.16%"
"09/21/2023","90.701","20.250","20.250","20.250","0.05%"
"09/20/2023","90.655","22.000","22.000","22.000","3.96%"
"09/19/2023","87.203","22.360","22.360","22.360","-3.89%"
"09/18/2023","90.730","20.150","20.150","20.150","4.09%"
"09/15/2023","87.167","22.260","22.260","22.260","0.02%"
"09/14/2023","87.150","22.240","22.240","22.240","-3.52%"
"09/13/2023","90.334","20.250","20.250","20.250","3.65%"
"09/12/2023","87.149","22.180","22.180","22.180","0.02%"
"09/11/2023","87.133","22.160","22.160","22.160","0.02%"
"09/08/2023","87.116","22.080","22.080","22.080","0.02%"
"09/07/2023","87.100","22.060","22.060","22.060","-3.24%"
"09/06/2023","90.014","20.250","20.250","20.250","-0.14%"
"09/05/2023","90.137","20.150","20.150","20.150","3.52%"
"09/04/2023","87.069","21.990","21.990","21.990","0.02%"
"09/01/2023","87.055","21.910","21.910","21.910","0.02%"
"08/31/2023","87.040","21.890","21.890","21.890","-2.50%"
"08/30/2023","89.275","20.500","20.500","20.500","2.58%"
"08/29/2023","87.026","21.840","21.840","21.840","-2.88%"
"08/28/2023","89.605","20.250","20.250","20.250","3.00%"
"08/25/2023","86.999","21.740","21.740","21.740","0.00%"
"08/24/2023","86.999","21.740","21.740","21.740","-1.92%"
"08/23/2023","88.703","20.650","20.650","20.650","1.99%"
"08/22/2023","86.972","21.670","21.670","21.670","-2.13%"
"08/21/2023","88.864","20.500","20.500","20.500","2.07%"
"08/18/2023","87.059","21.570","21.570","21.570","0.15%"
"08/17/2023","86.931","21.620","21.620","21.620","-1.77%"
"08/16/2023","88.493","20.650","20.650","20.650","1.81%"
"08/15/2023","86.920","21.570","21.570","21.570","-1.96%"
"08/14/2023","88.655","20.500","20.500","20.500","2.02%"
"08/11/2023","86.898","21.470","21.470","21.470","0.01%"
"08/10/2023","86.885","21.450","21.450","21.450","-1.46%"
"08/09/2023","88.175","20.650","20.650","20.650","1.50%"
"08/08/2023","86.875","19.965","19.965","19.965","0.01%"
"08/07/2023","86.862","21.380","21.380","21.380","0.03%"
"08/04/2023","86.840","21.310","21.310","21.310","-1.50%"
"08/03/2023","88.159","20.500","20.500","20.500","0.05%"
"08/02/2023","88.113","20.500","20.500","20.500","1.49%"
"08/01/2023","86.819","21.240","21.240","21.240","-2.32%"
"07/31/2023","88.884","20.000","20.000","20.000","344.42%"
"07/29/2023","20.000","20.000","20.000","20.000","-77.24%"
"07/28/2023","87.889","20.500","20.500","20.500","2.01%"
"07/27/2023","86.157","21.500","21.500","21.500","-1.41%"
"07/26/2023","87.389","20.740","20.740","20.740","1.54%"
"07/25/2023","86.065","21.500","21.500","21.500","-0.91%"
"07/24/2023","86.858","21.000","21.000","21.000","0.86%"
"07/21/2023","86.115","20.630","20.630","20.630","-0.65%"
"07/20/2023","86.676","21.000","21.000","21.000","0.68%"
"07/19/2023","86.091","21.320","21.320","21.320","0.40%"
"07/18/2023","85.744","21.500","21.500","21.500","-0.39%"
"07/17/2023","86.084","21.270","21.270","21.270","0.61%"
"07/14/2023","85.561","21.500","21.500","21.500","-0.93%"
"07/13/2023","86.360","21.000","21.000","21.000","0.37%"
"07/12/2023","86.043","21.160","21.160","21.160","0.72%"
"07/11/2023","85.424","21.500","21.500","21.500","-0.93%"
"07/10/2023","86.225","21.000","21.000","21.000","1.15%"
"07/07/2023","85.242","21.500","21.500","21.500","-0.89%"
"07/06/2023","86.011","21.020","21.020","21.020","0.01%"
"07/05/2023","86.000","21.000","21.000","21.000","0.01%"
"07/04/2023","85.990","20.980","20.980","20.980","0.09%"
"07/03/2023","85.910","21.000","21.000","21.000","-0.06%"
"06/30/2023","85.965","20.890","20.890","20.890","0.01%"
"06/29/2023","85.955","20.870","20.870","20.870","0.00%"
"06/28/2023","85.955","20.870","20.870","20.870","0.02%"
"06/27/2023","85.935","20.830","20.830","20.830","0.90%"
"06/26/2023","85.169","21.250","21.250","21.250","8.66%"
"06/23/2023","78.379","25.390","25.390","25.390","-7.78%"
"06/22/2023","84.989","21.250","21.250","21.250","8.44%"
"06/21/2023","78.373","23.750","23.750","23.750","-4.28%"
"06/09/2023","81.880","22.750","22.750","22.750","0.11%"
"06/07/2023","81.788","22.750","22.750","22.750","0.85%"
"06/01/2023","81.101","23.000","23.000","23.000","2.07%"
"05/31/2023","79.455","0.000","0.000","0.000","0.00%"
"05/30/2023","79.455","22.125","22.125","22.125","-0.36%"
"05/29/2023","79.745","23.750","23.750","23.750","260.43%"
"05/27/2023","22.125","22.125","22.125","22.125","-72.14%"
"05/26/2023","79.428","22.125","22.125","22.125","-0.16%"
"05/25/2023","79.559","23.750","23.750","23.750","0.18%"
"05/24/2023","79.416","22.125","22.125","22.125","0.02%"
"05/23/2023","79.403","0.000","0.000","0.000","0.00%"
"05/22/2023","79.403","23.760","23.760","23.760","0.03%"
"05/19/2023","79.377","22.125","22.125","22.125","0.18%"
"05/18/2023","79.234","23.750","23.750","23.750","-8.53%"
"05/16/2023","86.625","23.000","23.000","23.000","2.23%"
"05/10/2023","84.733","25.000","25.000","25.000","1.91%"
"05/09/2023","83.148","25.000","25.000","25.000","0.37%"
"05/04/2023","82.843","25.000","25.000","25.000","0.12%"
"05/02/2023","82.742","25.000","25.000","25.000","0.00%"
"05/01/2023","82.742","25.000","25.000","25.000","2.23%"
"04/27/2023","80.941","26.000","26.000","26.000","-1.70%"
"04/24/2023","82.338","25.000","25.000","25.000","4.06%"
"04/21/2023","79.127","27.000","27.000","27.000","0.13%"
"04/19/2023","79.023","26.750","26.750","26.750","2.91%"
"04/18/2023","76.791","28.500","28.500","28.500","-2.97%"
"04/14/2023","79.138","26.750","26.750","26.750","5.34%"
"04/13/2023","75.124","29.500","29.500","29.500","-6.24%"
"04/11/2023","80.125","26.000","26.000","26.000","2.20%"
"04/07/2023","78.404","27.000","27.000","27.000","10.78%"
"04/06/2023","70.772","32.500","32.500","32.500","-7.82%"
"04/04/2023","76.776","28.000","28.000","28.000","8.73%"
"04/03/2023","70.609","32.500","32.500","32.500","-4.18%"
"03/30/2023","73.693","30.000","30.000","30.000","0.07%"
"03/29/2023","73.640","32.500","32.500","32.500","0.14%"
"03/27/2023","73.534","30.000","30.000","30.000","0.22%"
"03/24/2023","73.376","30.000","30.000","30.000","0.07%"
"03/23/2023","73.323","30.000","30.000","30.000","0.14%"
"03/21/2023","73.218","30.000","30.000","30.000","5.31%"
"03/14/2023","69.528","32.500","32.500","32.500","-4.49%"
"03/13/2023","72.798","30.000","30.000","30.000","5.11%"
"03/08/2023","69.261","32.500","32.500","32.500","-4.38%"
"03/06/2023","72.433","30.000","30.000","30.000","0.36%"
"03/01/2023","72.173","30.000","30.000","30.000","0.14%"
"02/27/2023","72.069","30.000","30.000","30.000","0.72%"
"02/17/2023","71.553","30.000","30.000","30.000","0.07%"
"02/16/2023","71.501","30.000","30.000","30.000","5.00%"
"02/15/2023","68.096","32.500","32.500","32.500","-2.40%"
"02/09/2023","69.768","31.000","31.000","31.000","-7.57%"
"02/08/2023","75.482","27.000","27.000","27.000","2.18%"
"02/06/2023","73.873","28.000","28.000","28.000","0.27%"
"02/02/2023","73.673","28.000","28.000","28.000","6.22%"
"02/01/2023","69.356","31.000","31.000","31.000","-3.81%"
"01/31/2023","72.106","29.000","29.000","29.000","0.07%"
"01/30/2023","72.056","29.000","29.000","29.000","0.21%"
"01/27/2023","71.905","29.000","29.000","29.000","0.14%"
"01/25/2023","71.805","29.000","29.000","29.000","4.15%"
"01/24/2023","68.947","31.000","31.000","31.000","-3.85%"
"01/23/2023","71.705","29.000","29.000","29.000","0.42%"
"01/17/2023","71.405","29.000","29.000","29.000","0.35%"
"01/12/2023","71.157","29.000","29.000","29.000","17.05%"
"01/11/2023","60.791","37.000","37.000","37.000","1.74%"
"12/22/2022","59.751","37.000","37.000","37.000","0.69%"
"12/14/2022","59.340","37.000","37.000","37.000","0.43%"
"12/09/2022","59.085","37.000","37.000","37.000","0.17%"
"12/07/2022","58.983","37.000","37.000","37.000","0.52%"
"12/01/2022","58.679","37.000","37.000","37.000","58.59%"
"11/24/2022","37.000","37.000","37.000","37.000","-53.29%"
"11/14/2022","79.209","26.000","26.000","26.000","24.26%"
"11/08/2022","63.743","37.000","37.000","37.000","-18.91%"
"11/02/2022","78.610","26.000","26.000","26.000","1.79%"
"10/05/2022","77.228","26.000","26.000","26.000","9.70%"
"09/23/2022","70.400","30.000","30.000","30.000","-7.91%"
"09/20/2022","76.450","0.000","0.000","0.000","0.00%"
"09/19/2022","76.450","26.000","26.000","26.000","9.38%"
"09/13/2022","69.895","30.000","30.000","30.000","0.29%"
"09/09/2022","69.695","30.000","30.000","30.000","-8.02%"
"09/05/2022","75.775","26.000","26.000","26.000","9.27%"
"09/02/2022","69.345","30.000","30.000","30.000","0.22%"
"08/30/2022","69.196","30.000","30.000","30.000","5.65%"
"08/22/2022","65.497","30.000","30.000","30.000","0.20%"
"08/19/2022","65.364","30.060","30.060","30.060","-0.02%"
"08/18/2022","65.378","30.040","30.040","30.040","-0.04%"
"08/17/2022","65.407","30.010","30.010","30.010","-0.02%"
"08/16/2022","65.422","29.990","29.990","29.990","-0.04%"
"08/15/2022","65.451","29.960","29.960","29.960","-0.09%"
"08/12/2022","65.511","29.890","29.890","29.890","74.69%"
"08/11/2022","37.501","29.860","29.860","29.860","0.01%"
"08/10/2022","37.497","58.530","58.530","58.530","-0.01%"
"08/09/2022","37.499","58.500","58.500","58.500","-0.01%"
"08/08/2022","37.501","58.470","58.470","58.470","-0.01%"
"08/05/2022","37.503","58.390","58.390","58.390","0.01%"
"08/04/2022","37.499","58.370","58.370","58.370","-0.01%"
"08/03/2022","37.502","58.340","58.340","58.340","-2.59%"
"08/02/2022","38.500","56.760","56.760","56.760","0.01%"
"08/01/2022","38.497","56.740","56.740","56.740","-0.01%"
"07/29/2022","38.501","56.660","56.660","56.660","0.01%"
"07/28/2022","38.499","56.640","56.640","56.640","-0.01%"
"07/27/2022","38.502","56.610","56.610","56.610","0.01%"
"07/26/2022","38.500","56.590","56.590","56.590","0.01%"
"07/25/2022","38.497","56.570","56.570","56.570","-0.02%"
"07/22/2022","38.503","56.490","56.490","56.490","0.01%"
"07/21/2022","38.500","56.470","56.470","56.470","0.01%"
"07/20/2022","38.498","56.450","56.450","56.450","-0.01%"
"07/19/2022","38.502","56.420","56.420","56.420","-7.22%"
"07/18/2022","41.500","75.840","75.840","75.840","0.00%"
"07/15/2022","41.502","75.650","75.650","75.650","0.00%"
"07/14/2022","41.501","75.590","75.590","75.590","0.00%"
"07/13/2022","41.500","75.530","75.530","75.530","-10.75%"
"07/12/2022","46.497","65.990","65.990","65.990","0.00%"
"07/11/2022","46.497","65.940","65.940","65.940","0.00%"
"07/08/2022","46.498","65.790","65.790","65.790","0.00%"
"07/07/2022","46.499","65.740","65.740","65.740","0.00%"
"07/06/2022","46.499","65.690","65.690","65.690","0.00%"
"07/05/2022","46.500","65.640","65.640","65.640","0.00%"
"07/04/2022","46.501","65.590","65.590","65.590","0.00%"
"07/01/2022","46.499","65.450","65.450","65.450","0.00%"
"06/30/2022","46.500","65.400","65.400","65.400","-1.06%"
"06/29/2022","46.999","65.350","65.350","65.350","0.00%"
"06/28/2022","46.999","64.510","64.510","64.510","0.00%"
"06/27/2022","46.997","64.420","64.420","64.420","0.00%"
"06/24/2022","46.999","64.280","64.280","64.280","-0.01%"
"06/23/2022","47.002","64.230","64.230","64.230","0.01%"
"06/22/2022","46.999","64.190","64.190","64.190","-0.01%"
"06/21/2022","47.002","64.140","64.140","64.140","0.00%"
"06/20/2022","47.000","64.100","64.100","64.100","0.00%"
"06/17/2022","46.998","63.970","63.970","63.970","-0.01%"
"06/16/2022","47.002","63.920","63.920","63.920","0.00%"
"06/15/2022","47.000","63.880","63.880","63.880","0.00%"
"06/14/2022","46.998","63.840","63.840","63.840","0.06%"
"06/13/2022","46.972","63.840","63.840","63.840","-0.05%"
"06/10/2022","46.997","63.670","63.670","63.670","-0.01%"
"06/09/2022","47.002","63.620","63.620","63.620","0.00%"
"06/08/2022","47.000","63.580","63.580","63.580","0.00%"
"06/07/2022","46.999","63.540","63.540","63.540","0.00%"
"06/06/2022","46.998","63.500","63.500","63.500","-2.08%"
"06/03/2022","47.998","63.370","63.370","63.370","0.00%"
"06/02/2022","47.999","61.730","61.730","61.730","0.00%"
"06/01/2022","47.999","61.690","61.690","61.690","0.00%"
"05/31/2022","48.000","61.650","61.650","61.650","0.00%"
"05/30/2022","48.000","61.610","61.610","61.610","-0.01%"
"05/27/2022","48.003","61.490","61.490","61.490","0.01%"
"05/26/2022","47.998","61.460","61.460","61.460","0.00%"
"05/25/2022","47.999","61.420","61.420","61.420","0.00%"
"05/24/2022","48.000","61.380","61.380","61.380","0.00%"
"05/23/2022","48.002","61.340","61.340","61.340","0.00%"
"05/20/2022","48.000","61.230","61.230","61.230","0.00%"
"05/19/2022","48.002","61.190","61.190","61.190","0.01%"
"05/18/2022","47.998","61.160","61.160","61.160","0.00%"
"05/17/2022","48.000","61.120","61.120","61.120","0.00%"
"05/16/2022","48.002","61.080","61.080","61.080","0.00%"
"05/13/2022","48.003","60.970","60.970","60.970","0.01%"
"05/12/2022","47.999","60.940","60.940","60.940","-0.01%"
"05/11/2022","48.002","60.900","60.900","60.900","0.01%"
"05/10/2022","47.999","60.870","60.870","60.870","-6.90%"
"05/09/2022","51.555","51.555","51.555","51.555","7.41%"
"05/06/2022","47.998","60.730","60.730","60.730","-0.01%"
"05/05/2022","48.002","60.690","60.690","60.690","0.01%"
"05/04/2022","47.999","60.660","60.660","60.660","0.00%"
"05/03/2022","47.999","60.660","60.660","60.660","-6.51%"
"05/02/2022","51.340","51.340","51.340","51.340","6.96%"
"04/29/2022","47.999","60.490","60.490","60.490","-13.82%"
"04/28/2022","55.695","50.000","50.000","50.000","0.04%"
"04/27/2022","55.674","50.000","50.000","50.000","0.04%"
"04/26/2022","55.653","50.000","50.000","50.000","0.04%"
"04/25/2022","55.632","50.000","50.000","50.000","0.11%"
"04/22/2022","55.570","50.000","50.000","50.000","0.04%"
"04/21/2022","55.549","50.000","50.000","50.000","0.04%"
"04/20/2022","55.529","50.000","50.000","50.000","0.04%"
"04/19/2022","55.508","50.000","50.000","50.000","0.04%"
"04/18/2022","55.488","50.000","50.000","50.000","0.11%"
"04/15/2022","55.427","50.000","50.000","50.000","0.04%"
"04/14/2022","55.407","50.000","50.000","50.000","0.04%"
"04/13/2022","55.387","50.000","50.000","50.000","0.04%"
"04/12/2022","55.367","50.000","50.000","50.000","0.04%"
"04/11/2022","55.347","50.000","50.000","50.000","0.11%"
"04/08/2022","55.287","50.000","50.000","50.000","0.03%"
"04/07/2022","55.268","50.000","50.000","50.000","0.04%"
"04/06/2022","55.248","50.000","50.000","50.000","0.03%"
"04/05/2022","55.229","50.000","50.000","50.000","0.04%"
"04/04/2022","55.209","50.000","50.000","50.000","33.76%"
"04/01/2022","41.274","71.030","71.030","71.030","0.05%"
"03/31/2022","41.255","71.030","71.030","71.030","0.05%"
"03/30/2022","41.236","71.030","71.030","71.030","0.05%"
"03/29/2022","41.217","71.030","71.030","71.030","0.04%"
"03/28/2022","41.199","71.030","71.030","71.030","0.14%"
"03/25/2022","41.143","71.030","71.030","71.030","0.04%"
"03/24/2022","41.125","71.030","71.030","71.030","0.05%"
"03/23/2022","41.106","71.030","71.030","71.030","0.04%"
"03/22/2022","41.088","71.030","71.030","71.030","0.04%"
"03/21/2022","41.070","71.030","71.030","71.030","0.13%"
"03/18/2022","41.016","71.030","71.030","71.030","2.10%"
"03/17/2022","40.172","71.030","71.030","71.030","0.04%"
"03/16/2022","40.155","72.650","72.650","72.650","0.04%"
"03/15/2022","40.137","72.650","72.650","72.650","0.04%"
"03/14/2022","40.120","72.650","72.650","72.650","0.13%"
"03/11/2022","40.069","72.650","72.650","72.650","0.04%"
"03/10/2022","40.052","72.650","72.650","72.650","0.04%"
"03/09/2022","40.035","72.650","72.650","72.650","-43.33%"
"03/08/2022","70.650","70.650","70.650","70.650","0.00%"
"03/07/2022","70.650","43.000","70.650","43.000","19.58%"
"03/04/2022","59.083","45.000","45.000","45.000","0.03%"
"03/03/2022","59.066","45.000","45.000","45.000","0.03%"
"03/02/2022","59.049","45.000","45.000","45.000","-19.87%"
"03/01/2022","73.695","32.000","32.000","32.000","-5.34%"
"02/28/2022","77.849","32.000","32.000","32.000","0.06%"
"02/25/2022","77.800","29.020","29.020","29.020","5.70%"
"02/24/2022","73.603","32.000","32.000","32.000","-20.32%"
"02/23/2022","92.375","20.290","20.290","20.290","-4.10%"
"02/22/2022","96.327","18.280","18.280","18.280","-2.93%"
"02/21/2022","99.237","16.880","16.880","16.880","-0.81%"
"02/18/2022","100.047","16.500","16.500","16.500","0.28%"
"02/17/2022","99.765","16.630","16.630","16.630","-0.28%"
"02/16/2022","100.044","16.500","16.500","16.500","0.13%"
"02/15/2022","99.913","16.560","16.560","16.560","-0.13%"
"02/14/2022","100.041","16.740","16.740","16.740","-1.79%"
"02/11/2022","101.864","15.670","15.670","15.670","0.07%"
"02/10/2022","101.797","15.700","15.700","15.700","0.99%"
"02/09/2022","100.800","16.150","16.150","16.150","-0.87%"
"02/08/2022","101.686","16.020","16.020","16.020","0.00%"
"02/07/2022","101.686","15.950","15.950","15.950","1.28%"
"02/04/2022","100.400","16.330","16.330","16.330","1.58%"
"02/03/2022","98.837","17.050","17.050","17.050","-0.65%"
"02/02/2022","99.482","16.750","16.750","16.750","1.20%"
"02/01/2022","98.298","17.300","17.300","17.300","0.44%"
"01/31/2022","97.870","17.500","17.500","17.500","0.01%"
"01/28/2022","97.863","17.500","17.500","17.500","0.00%"
"01/27/2022","97.860","17.500","17.500","17.500","0.00%"
"01/26/2022","97.857","17.500","17.500","17.500","0.00%"
"01/25/2022","97.855","17.500","17.500","17.500","-1.73%"
"01/24/2022","99.578","16.850","16.850","16.850","-1.53%"
"01/21/2022","101.125","15.270","15.270","15.270","-4.32%"
"01/20/2022","105.693","14.030","14.030","14.030","0.00%"
"01/19/2022","105.697","14.030","14.030","14.030","0.00%"
"01/18/2022","105.700","14.030","14.030","14.030","653.39%"
"01/17/2022","14.030","14.030","14.030","14.030","-86.73%"
"01/14/2022","105.713","14.030","14.030","14.030","-0.07%"
"01/13/2022","105.789","14.030","14.030","14.030","0.57%"
"01/12/2022","105.192","13.910","13.910","13.910","-0.57%"
"01/11/2022","105.796","14.000","14.000","14.000","-0.57%"
"01/10/2022","106.407","13.840","13.840","13.840","695.86%"
"01/07/2022","13.370","13.370","13.370","13.370","-87.44%"
"01/06/2022","106.422","13.750","13.750","13.750","0.92%"
"01/05/2022","105.454","14.150","14.150","14.150","-0.78%"
"01/04/2022","106.284","13.810","13.810","13.810","694.94%"
"01/03/2022","13.370","13.370","13.370","13.370","-87.42%"
"12/31/2021","106.299","13.810","13.810","13.810","0.00%"
"12/30/2021","106.303","13.810","13.810","13.810","0.00%"
"12/29/2021","106.307","13.810","13.810","13.810","0.00%"
"12/28/2021","106.311","13.810","13.810","13.810","693.07%"
"12/27/2021","13.405","13.405","13.405","13.405","-87.41%"
"12/24/2021","106.476","13.750","13.750","13.750","0.14%"
"12/23/2021","106.332","13.810","13.810","13.810","-0.14%"
"12/22/2021","106.484","13.750","13.750","13.750","0.58%"
"12/21/2021","105.872","14.000","14.000","14.000","-0.58%"
"12/20/2021","106.492","13.750","13.750","13.750","-0.01%"
"12/17/2021","106.505","13.750","13.750","13.750","0.07%"
"12/16/2021","106.435","13.780","13.780","13.780","0.00%"
"12/15/2021","106.439","13.780","13.780","13.780","-0.07%"
"12/14/2021","106.518","13.750","13.750","13.750","0.07%"
"12/13/2021","106.448","13.780","13.780","13.780","0.29%"
"12/10/2021","106.137","13.910","13.910","13.910","0.00%"
"12/09/2021","106.142","13.910","13.910","13.910","0.56%"
"12/08/2021","105.552","14.150","14.150","14.150","-0.35%"
"12/07/2021","105.926","13.910","13.910","13.910","-0.40%"
"12/06/2021","106.353","13.830","13.830","13.830","0.39%"
"12/03/2021","105.942","14.000","14.000","14.000","-0.29%"
"12/02/2021","106.245","13.880","13.880","13.880","-0.31%"
"12/01/2021","106.575","13.750","13.750","13.750","0.59%"
"11/30/2021","105.955","14.000","14.000","14.000","0.35%"
"11/29/2021","105.586","13.850","13.850","13.850","-0.95%"
"11/26/2021","106.598","13.750","13.750","13.750","0.23%"
"11/25/2021","106.351","13.850","13.850","13.850","0.35%"
"11/24/2021","105.979","13.660","13.660","13.660","-0.36%"
"11/23/2021","106.360","13.850","13.850","13.850","-1.07%"
"11/22/2021","107.506","13.500","13.500","13.500","-0.01%"
"11/19/2021","107.522","13.400","13.400","13.400","0.47%"
"11/18/2021","107.016","13.600","13.600","13.600","-0.24%"
"11/17/2021","107.276","13.500","13.500","13.500","-0.01%"
"11/16/2021","107.282","13.500","13.500","13.500","0.00%"
"11/15/2021","107.287","13.500","13.500","13.500","-0.01%"
"11/12/2021","107.302","13.500","13.500","13.500","0.23%"
"11/11/2021","107.051","13.600","13.600","13.600","-0.48%"
"11/10/2021","107.570","13.400","13.400","13.400","-0.01%"
"11/09/2021","107.576","13.400","13.400","13.400","0.24%"
"11/08/2021","107.323","13.500","13.500","13.500","688.56%"
"11/05/2021","13.610","13.610","13.610","13.610","-87.32%"
"11/04/2021","107.344","13.500","13.500","13.500","-0.25%"
"11/03/2021","107.608","13.500","13.500","13.500","690.65%"
"11/02/2021","13.610","13.610","13.610","13.610","-87.29%"
"11/01/2021","107.102","13.600","13.600","13.600","0.01%"
"10/29/2021","107.092","13.610","13.610","13.610","-0.51%"
"10/28/2021","107.642","13.400","13.400","13.400","0.00%"
"10/27/2021","107.647","13.400","13.400","13.400","0.24%"
"10/26/2021","107.393","13.500","13.500","13.500","0.00%"
"10/25/2021","107.398","13.500","13.500","13.500","0.23%"
"10/22/2021","107.155","13.600","13.600","13.600","0.36%"
"10/21/2021","106.771","13.750","13.750","13.750","-0.01%"
"10/20/2021","106.777","13.750","13.750","13.750","-0.37%"
"10/19/2021","107.171","13.600","13.600","13.600","-0.25%"
"10/18/2021","107.436","13.500","13.500","13.500","717.00%"
"10/15/2021","13.150","13.150","13.150","13.150","0.00%"
"10/14/2021","13.150","13.150","13.150","13.150","-87.73%"
"10/13/2021","107.203","13.600","13.600","13.600","0.36%"
"10/12/2021","106.818","13.750","13.750","13.750","-0.61%"
"10/11/2021","107.476","13.500","13.500","13.500","0.60%"
"10/08/2021","106.838","13.750","13.750","13.750","-0.37%"
"10/07/2021","107.236","13.650","13.650","13.650","14.59%"
"10/06/2021","93.583","13.400","13.400","13.400","0.22%"
"10/05/2021","93.376","13.500","13.500","13.500","0.03%"
"10/01/2021","93.351","13.500","13.500","13.500","0.01%"
"09/30/2021","93.345","13.500","13.500","13.500","0.01%"
"09/29/2021","93.339","13.500","13.500","13.500","-0.20%"
"09/28/2021","93.529","13.400","13.400","13.400","-0.41%"
"09/27/2021","93.918","13.200","13.200","13.200","0.12%"
"09/24/2021","93.802","13.250","13.250","13.250","0.54%"
"09/23/2021","93.302","13.500","13.500","13.500","0.01%"
"09/22/2021","93.296","13.500","13.500","13.500","0.01%"
"09/21/2021","93.290","13.500","13.500","13.500","0.01%"
"09/20/2021","93.284","13.500","13.500","13.500","0.02%"
"09/17/2021","93.266","13.500","13.500","13.500","-0.21%"
"09/16/2021","93.458","13.400","13.400","13.400","0.22%"
"09/15/2021","93.254","13.400","13.400","13.400","-0.63%"
"09/14/2021","93.846","13.200","13.200","13.200","0.01%"
"09/13/2021","93.840","13.200","13.200","13.200","0.02%"
"09/10/2021","93.824","13.200","13.200","13.200","0.01%"
"09/09/2021","93.818","13.200","13.200","13.200","0.54%"
"09/08/2021","93.312","13.450","13.450","13.450","0.11%"
"09/07/2021","93.207","13.500","13.500","13.500","-0.31%"
"09/06/2021","93.501","13.350","13.350","13.350","-0.30%"
"09/03/2021","93.786","13.200","13.200","13.200","0.01%"
"09/02/2021","93.781","13.200","13.200","13.200","0.33%"
"09/01/2021","93.473","13.350","13.350","13.350","-0.21%"
"08/31/2021","93.669","13.250","13.250","13.250","-0.10%"
"08/30/2021","93.765","13.200","13.200","13.200","0.56%"
"08/27/2021","93.243","13.450","13.450","13.450","-0.53%"
"08/26/2021","93.744","13.200","13.200","13.200","0.11%"
"08/25/2021","93.637","13.250","13.250","13.250","612.07%"
"08/24/2021","13.150","13.150","13.150","13.150","0.00%"
"08/23/2021","13.150","13.150","13.150","13.150","-85.80%"
"08/20/2021","92.615","13.300","13.300","13.300","0.01%"
"08/19/2021","92.608","13.300","13.300","13.300","0.82%"
"08/18/2021","91.856","13.650","13.650","13.650","-0.80%"
"08/17/2021","92.596","13.300","13.300","13.300","0.01%"
"08/16/2021","92.590","13.150","13.150","13.150","-0.21%"
"08/13/2021","92.788","13.200","13.200","13.200","0.24%"
"08/12/2021","92.566","13.650","13.650","13.650","0.01%"
"08/11/2021","92.561","13.300","13.300","13.300","-0.23%"
"08/10/2021","92.771","13.200","13.200","13.200","0.24%"
"08/09/2021","92.549","13.300","13.300","13.300","600.60%"
"08/07/2021","13.210","13.210","13.210","13.210","-85.79%"
"08/06/2021","92.965","13.100","13.100","13.100","0.48%"
"08/05/2021","92.525","13.650","13.650","13.650","0.01%"
"08/04/2021","92.519","13.300","13.300","13.300","-0.11%"
"08/03/2021","92.622","13.250","13.250","13.250","0.12%"
"08/02/2021","92.507","13.300","13.300","13.300","0.02%"
"07/30/2021","92.490","13.300","13.300","13.300","-0.11%"
"07/29/2021","92.593","13.250","13.250","13.250","0.01%"
"07/28/2021","92.587","13.250","13.250","13.250","0.60%"
"07/27/2021","92.038","13.500","13.500","13.500","-1.17%"
"07/26/2021","93.124","13.000","13.000","13.000","0.02%"
"07/23/2021","93.109","13.000","13.000","13.000","0.01%"
"07/22/2021","93.103","13.000","13.000","13.000","0.01%"
"07/21/2021","93.098","13.000","13.000","13.000","0.01%"
"07/20/2021","93.093","13.000","13.000","13.000","0.01%"
"07/19/2021","93.088","13.000","13.000","13.000","0.73%"
"07/16/2021","92.410","13.300","13.300","13.300","-0.71%"
"07/15/2021","93.067","13.000","13.000","13.000","0.01%"
"07/14/2021","93.062","13.000","13.000","13.000","0.01%"
"07/13/2021","93.057","13.000","13.000","13.000","-0.23%"
"07/12/2021","93.275","12.900","12.900","12.900","0.02%"
"07/09/2021","93.260","12.900","12.900","12.900","0.25%"
"07/08/2021","93.031","13.000","13.000","13.000","-0.59%"
"07/07/2021","93.587","12.750","12.750","12.750","0.37%"
"07/06/2021","93.245","12.900","12.900","12.900","0.25%"
"07/05/2021","93.016","13.000","13.000","13.000","-0.51%"
"07/02/2021","93.496","12.780","12.780","12.780","0.54%"
"07/01/2021","92.996","13.000","13.000","13.000","-0.53%"
"06/30/2021","93.487","12.780","12.780","12.780","0.30%"
"06/29/2021","93.211","12.900","12.900","12.900","611.26%"
"06/28/2021","13.105","13.105","13.105","13.105","-85.94%"
"06/25/2021","93.192","12.900","12.900","12.900","0.00%"
"06/24/2021","93.188","12.900","12.900","12.900","-0.36%"
"06/23/2021","93.523","12.750","12.750","12.750","0.37%"
"06/22/2021","93.178","12.900","12.900","12.900","612.92%"
"06/21/2021","13.070","13.070","13.070","13.070","-86.01%"
"06/18/2021","93.452","12.720","12.720","12.720","0.00%"
"06/17/2021","93.448","12.720","12.720","12.720","0.69%"
"06/16/2021","92.804","13.000","13.000","13.000","0.01%"
"06/15/2021","92.799","13.000","13.000","13.000","0.01%"
"06/14/2021","92.794","13.000","13.000","13.000","0.02%"
"06/11/2021","92.779","13.000","13.000","13.000","0.00%"
"06/10/2021","92.775","13.000","13.000","13.000","0.01%"
"06/09/2021","92.770","13.000","13.000","13.000","0.01%"
"06/08/2021","92.765","12.720","12.720","12.720","0.01%"
"06/07/2021","92.760","13.000","13.000","13.000","-0.68%"
"06/04/2021","93.391","12.720","12.720","12.720","0.95%"
"06/03/2021","92.512","13.100","13.100","13.100","-0.24%"
"06/02/2021","92.736","13.000","13.000","13.000","-0.71%"
"06/01/2021","93.401","12.710","12.710","12.710","0.65%"
"05/31/2021","92.796","12.970","12.970","12.970","0.09%"
"05/28/2021","92.713","13.000","13.000","13.000","0.01%"
"05/27/2021","92.708","13.000","13.000","13.000","0.33%"
"05/26/2021","92.404","13.130","13.130","13.130","-0.32%"
"05/25/2021","92.697","13.000","13.000","13.000","0.01%"
"05/24/2021","92.691","13.000","13.000","13.000","0.40%"
"05/21/2021","92.325","13.150","13.150","13.150","1.26%"
"05/20/2021","91.174","13.650","13.650","13.650","-1.60%"
"05/19/2021","92.659","13.000","13.000","13.000","0.01%"
"05/18/2021","92.653","13.000","13.000","13.000","0.31%"
"05/17/2021","92.368","13.120","13.120","13.120","-0.28%"
"05/14/2021","92.628","13.000","13.000","13.000","0.64%"
"05/13/2021","92.041","13.250","13.250","13.250","-0.62%"
"05/12/2021","92.616","13.000","13.000","13.000","0.01%"
"05/11/2021","92.609","13.000","13.000","13.000","576.47%"
"05/10/2021","13.690","13.755","13.755","13.690","-85.21%"
"05/07/2021","92.584","13.000","13.000","13.000","0.01%"
"05/06/2021","92.579","13.000","13.000","13.000","0.79%"
"05/05/2021","91.849","13.310","13.310","13.310","573.63%"
"05/04/2021","13.635","13.635","13.635","13.635","0.00%"
"05/03/2021","13.635","13.635","13.635","13.635","-85.27%"
"04/30/2021","92.542","13.000","13.000","13.000","0.01%"
"04/29/2021","92.536","13.000","13.000","13.000","1.67%"
"04/28/2021","91.014","13.650","13.650","13.650","-1.63%"
"04/27/2021","92.524","13.200","13.200","13.200","0.52%"
"04/26/2021","92.047","13.200","13.200","13.200","1.17%"
"04/23/2021","90.979","13.650","13.650","13.650","-0.37%"
"04/22/2021","91.320","13.500","13.500","13.500","1.68%"
"04/21/2021","89.815","14.150","14.150","14.150","-1.63%"
"04/20/2021","91.307","13.500","13.500","13.500","0.01%"
"04/19/2021","91.299","13.500","13.500","13.500","0.02%"
"04/16/2021","91.280","13.500","13.500","13.500","1.30%"
"04/15/2021","90.112","14.000","14.000","14.000","-0.63%"
"04/14/2021","90.684","13.750","13.750","13.750","-1.27%"
"04/13/2021","91.847","13.250","13.250","13.250","0.01%"
"04/12/2021","91.842","13.250","13.250","13.250","-1.39%"
"04/09/2021","93.137","12.700","12.700","12.700","1.44%"
"04/08/2021","91.816","13.250","13.250","13.250","-1.28%"
"04/07/2021","93.006","12.750","12.750","12.750","1.31%"
"04/06/2021","91.804","13.250","13.250","13.250","0.01%"
"04/05/2021","91.798","13.250","13.250","13.250","0.02%"
"04/02/2021","91.779","13.250","13.250","13.250","-0.64%"
"04/01/2021","92.370","13.000","13.000","13.000","0.37%"
"03/31/2021","92.030","13.140","13.140","13.140","-1.00%"
"03/30/2021","92.963","12.750","12.750","12.750","0.01%"
"03/29/2021","92.958","12.750","12.750","12.750","1.07%"
"03/26/2021","91.976","13.150","13.150","13.150","-1.03%"
"03/25/2021","92.937","12.750","12.750","12.750","0.01%"
"03/24/2021","92.931","12.750","12.750","12.750","0.01%"
"03/23/2021","92.926","12.750","12.750","12.750","0.01%"
"03/22/2021","92.921","12.750","12.750","12.750","0.02%"
"03/19/2021","92.905","12.750","12.750","12.750","-0.65%"
"03/18/2021","93.514","12.500","12.500","12.500","0.93%"
"03/17/2021","92.651","12.850","12.850","12.850","-0.91%"
"03/16/2021","93.505","12.500","12.500","12.500","1.01%"
"03/15/2021","92.567","12.880","12.880","12.880","-0.04%"
"03/12/2021","92.600","12.860","12.860","12.860","0.01%"
"03/11/2021","92.595","12.860","12.860","12.860","-0.94%"
"03/10/2021","93.476","12.500","12.500","12.500","0.00%"
"03/09/2021","93.472","12.500","12.500","12.500","614.07%"
"03/08/2021","13.090","13.090","13.090","13.090","-85.92%"
"03/05/2021","92.981","12.690","12.690","12.690","0.00%"
"03/04/2021","92.977","12.700","12.700","12.700","0.01%"
"03/03/2021","92.972","12.690","12.690","12.690","-0.50%"
"03/02/2021","93.439","12.500","12.500","12.500","0.67%"
"03/01/2021","92.814","12.750","12.750","12.750","-0.14%"
"02/26/2021","92.948","12.690","12.690","12.690","0.43%"
"02/25/2021","92.547","12.850","12.850","12.850","-0.42%"
"02/24/2021","92.938","12.690","12.690","12.690","1.05%"
"02/23/2021","91.970","13.080","13.080","13.080","0.01%"
"02/22/2021","91.964","13.080","13.080","13.080","-1.00%"
"02/19/2021","92.890","12.700","12.700","12.700","1.03%"
"02/18/2021","91.943","13.080","13.080","13.080","0.01%"
"02/17/2021","91.938","13.080","13.080","13.080","0.01%"
"02/16/2021","91.932","13.080","13.080","13.080","-1.01%"
"02/15/2021","92.871","12.700","12.700","12.700","1.26%"
"02/12/2021","91.714","13.160","13.160","13.160","0.01%"
"02/11/2021","91.708","13.160","13.160","13.160","-0.83%"
"02/10/2021","92.472","12.850","12.850","12.850","0.85%"
"02/09/2021","91.697","13.160","13.160","13.160","0.01%"
"02/08/2021","91.692","13.160","13.160","13.160","-2.90%"
"02/05/2021","94.428","12.610","12.610","12.610","-0.23%"
"02/04/2021","94.648","12.500","12.500","12.500","0.22%"
"02/03/2021","94.437","12.600","12.600","12.600","0.88%"
"02/02/2021","93.612","13.000","13.000","13.000","0.01%"
"02/01/2021","93.606","13.000","13.000","13.000","-0.85%"
"01/29/2021","94.408","12.600","12.600","12.600","-0.21%"
"01/28/2021","94.610","12.500","12.500","12.500","0.23%"
"01/27/2021","94.397","12.600","12.600","12.600","0.03%"
"01/26/2021","94.371","12.610","12.610","12.610","-0.10%"
"01/25/2021","94.469","12.560","12.560","12.560","-0.12%"
"01/22/2021","94.578","12.500","12.500","12.500","0.01%"
"01/21/2021","94.572","12.500","12.500","12.500","0.01%"
"01/20/2021","94.567","12.600","12.600","12.600","1.12%"
"01/19/2021","93.523","13.000","13.000","13.000","-1.09%"
"01/18/2021","94.555","12.500","12.500","12.500","0.24%"
"01/15/2021","94.330","12.600","12.600","12.600","0.01%"
"01/14/2021","94.324","12.600","12.600","12.600","-0.22%"
"01/13/2021","94.529","12.500","12.500","12.500","0.07%"
"01/12/2021","94.460","12.530","12.530","12.530","1.05%"
"01/11/2021","93.474","12.500","12.500","12.500","647.19%"
"01/08/2021","12.510","12.510","12.510","12.510","0.00%"
"01/07/2021","12.510","12.510","12.510","12.510","-86.69%"
"01/06/2021","93.965","12.750","12.750","12.750","0.01%"
"01/05/2021","93.960","12.750","12.750","12.750","0.01%"
"01/04/2021","93.954","12.610","12.610","12.610","656.17%"
"12/31/2020","12.425","12.425","12.425","12.425","-86.84%"
"12/30/2020","94.392","12.530","12.530","12.530","0.01%"
"12/29/2020","94.387","12.530","12.530","12.530","0.01%"
"12/28/2020","94.381","12.530","12.530","12.530","659.61%"
"12/25/2020","12.425","12.425","12.425","12.425","-86.83%"
"12/24/2020","94.361","12.530","12.530","12.530","0.16%"
"12/23/2020","94.206","12.600","12.600","12.600","0.91%"
"12/22/2020","93.352","13.000","13.000","13.000","0.01%"
"12/21/2020","93.346","13.000","13.000","13.000","0.02%"
"12/18/2020","93.328","13.000","13.000","13.000","-1.06%"
"12/17/2020","94.326","12.530","12.530","12.530","1.08%"
"12/16/2020","93.316","12.530","12.530","12.530","-1.33%"
"12/15/2020","94.574","12.410","12.410","12.410","1.36%"
"12/14/2020","93.304","13.000","13.000","13.000","0.02%"
"12/11/2020","93.287","13.000","13.000","13.000","-0.56%"
"12/10/2020","93.816","13.000","13.000","13.000","0.58%"
"12/09/2020","93.275","13.000","13.000","13.000","0.01%"
"12/08/2020","93.270","12.250","12.250","12.250","-1.70%"
"12/07/2020","94.884","12.250","12.250","12.250","-0.08%"
"12/04/2020","94.959","12.210","12.210","12.210","0.01%"
"12/03/2020","94.954","12.210","12.210","12.210","0.00%"
"12/02/2020","94.950","13.000","13.000","13.000","-0.18%"
"12/01/2020","95.121","12.130","12.130","12.130","0.00%"
"11/30/2020","95.118","12.130","12.130","12.130","0.29%"
"11/27/2020","94.840","12.250","12.250","12.250","0.00%"
"11/26/2020","94.836","12.250","12.250","12.250","-0.11%"
"11/25/2020","94.942","12.200","12.200","12.200","-0.99%"
"11/24/2020","95.894","11.770","11.770","11.770","0.00%"
"11/23/2020","95.891","11.770","11.770","11.770","-0.04%"
"11/20/2020","95.925","11.750","11.750","11.750","0.00%"
"11/19/2020","95.922","13.000","13.000","13.000","0.12%"
"11/18/2020","95.806","11.800","11.800","11.800","5.27%"
"11/17/2020","91.011","12.250","12.250","12.250","618.32%"
"11/16/2020","12.670","12.670","12.670","12.670","-86.63%"
"11/13/2020","94.781","12.670","12.670","12.670","2.02%"
"11/12/2020","92.905","13.100","13.100","13.100","-0.23%"
"11/11/2020","93.118","13.000","13.000","13.000","-0.58%"
"11/10/2020","93.660","12.750","12.750","12.750","0.59%"
"11/09/2020","93.107","13.000","13.000","13.000","621.20%"
"11/06/2020","12.910","12.910","12.910","12.910","-86.16%"
"11/05/2020","93.282","12.910","12.910","12.910","0.19%"
"11/04/2020","93.101","12.990","12.990","12.990","0.03%"
"11/03/2020","93.073","13.000","13.000","13.000","0.01%"
"11/02/2020","93.068","13.000","13.000","13.000","-3.42%"
"10/30/2020","96.361","11.530","11.530","11.530","3.56%"
"10/29/2020","93.047","13.000","13.000","13.000","-1.17%"
"10/28/2020","94.152","12.500","12.500","12.500","-1.18%"
"10/27/2020","95.277","12.000","12.000","12.000","0.36%"
"10/26/2020","94.932","12.150","12.150","12.150","0.85%"
"10/23/2020","94.131","12.500","12.500","12.500","-1.18%"
"10/22/2020","95.259","12.000","12.000","12.000","0.36%"
"10/21/2020","94.914","12.150","12.150","12.150","-0.35%"
"10/20/2020","95.252","12.000","12.000","12.000","0.00%"
"10/19/2020","95.248","12.000","12.000","12.000","-1.12%"
"10/16/2020","96.324","11.530","11.530","11.530","1.14%"
"10/15/2020","95.234","12.000","12.000","12.000","738.33%"
"10/14/2020","11.360","11.210","11.360","11.210","-87.78%"
"10/13/2020","92.962","12.000","12.000","12.000","-2.38%"
"10/12/2020","95.224","12.000","12.000","12.000","0.01%"
"10/09/2020","95.214","12.000","12.000","12.000","2.45%"
"10/08/2020","92.937","11.850","11.850","11.850","-3.82%"
"10/07/2020","96.629","11.390","11.390","11.390","0.00%"
"10/06/2020","96.627","11.390","11.390","11.390","0.00%"
"10/05/2020","96.625","11.390","11.390","11.390","4.00%"
"10/02/2020","92.907","13.000","13.000","13.000","-2.99%"
"10/01/2020","95.769","11.750","11.750","11.750","0.62%"
"09/30/2020","95.183","12.000","12.000","12.000","0.00%"
"09/29/2020","95.180","12.000","12.000","12.000","0.00%"
"09/28/2020","95.176","12.000","12.000","12.000","0.01%"
"09/25/2020","95.167","12.000","12.000","12.000","0.00%"
"09/24/2020","95.163","12.000","12.000","12.000","-1.49%"
"09/23/2020","96.598","11.380","11.380","11.380","1.51%"
"09/22/2020","95.157","12.000","12.000","12.000","-1.49%"
"09/21/2020","96.594","11.390","11.390","11.390","1.52%"
"09/18/2020","95.144","12.000","12.000","12.000","-1.49%"
"09/17/2020","96.586","11.390","11.390","11.390","-0.59%"
"09/16/2020","97.159","11.150","11.150","11.150","0.00%"
"09/15/2020","97.158","11.150","11.150","11.150","0.38%"
"09/14/2020","96.795","11.300","11.300","11.300","-0.94%"
"09/11/2020","97.709","10.920","10.920","10.920","2.72%"
"09/10/2020","95.119","12.000","12.000","12.000","-2.67%"
"09/09/2020","97.731","11.300","11.300","11.300","0.85%"
"09/08/2020","96.904","11.250","11.250","11.250","-0.84%"
"09/07/2020","97.729","10.910","10.910","10.910","0.02%"
"09/04/2020","97.711","11.250","11.250","11.250","0.00%"
"09/03/2020","97.709","11.250","11.250","11.250","0.59%"
"09/02/2020","97.132","11.250","11.250","11.250","3.59%"
"09/01/2020","93.767","13.000","13.000","13.000","-2.31%"
"08/31/2020","95.988","12.000","12.000","12.000","-0.58%"
"08/28/2020","96.549","11.750","11.750","11.750","0.00%"
"08/27/2020","96.548","11.750","11.750","11.750","-0.59%"
"08/26/2020","97.121","11.500","11.500","11.500","-0.02%"
"08/25/2020","97.140","11.490","11.490","11.490","783.89%"
"08/24/2020","10.990","10.990","10.990","10.990","-88.69%"
"08/21/2020","97.129","11.490","11.490","11.490","0.03%"
"08/20/2020","97.103","11.500","11.500","11.500","0.00%"
"08/19/2020","97.100","11.500","11.500","11.500","0.48%"
"08/18/2020","96.634","11.700","11.700","11.700","3.38%"
"08/17/2020","93.473","13.100","13.100","13.100","-0.81%"
"08/14/2020","94.234","12.750","12.750","12.750","-1.18%"
"08/13/2020","95.355","12.250","12.250","12.250","0.58%"
"08/12/2020","94.808","12.490","12.490","12.490","0.01%"
"08/11/2020","94.802","12.490","12.490","12.490","1.82%"
"08/10/2020","93.103","13.250","13.250","13.250","-1.16%"
"08/07/2020","94.198","12.750","12.750","12.750","0.01%"
"08/06/2020","94.193","12.750","12.750","12.750","-1.78%"
"08/05/2020","95.896","12.000","12.000","12.000","3.04%"
"08/04/2020","93.068","13.250","13.250","13.250","-1.18%"
"08/03/2020","94.178","12.750","12.750","12.750","0.02%"
"07/31/2020","94.163","12.750","12.750","12.750","0.00%"
"07/30/2020","94.159","12.750","12.750","12.750","1.21%"
"07/29/2020","93.034","13.250","13.250","13.250","1.20%"
"07/28/2020","91.927","13.750","13.750","13.750","-1.77%"
"07/27/2020","93.581","13.250","13.250","13.250","0.02%"
"07/24/2020","93.566","13.000","13.000","13.000","1.82%"
"07/23/2020","91.894","13.750","13.750","13.750","0.01%"
"07/22/2020","91.888","13.750","13.750","13.750","-1.18%"
"07/21/2020","92.989","13.250","13.250","13.250","1.21%"
"07/20/2020","91.875","13.750","13.750","13.750","-0.58%"
"07/17/2020","92.409","13.500","13.500","13.500","0.01%"
"07/16/2020","92.403","13.500","13.500","13.500","-1.19%"
"07/15/2020","93.519","13.000","13.000","13.000","1.22%"
"07/14/2020","92.391","13.500","13.500","13.500","-1.19%"
"07/13/2020","93.508","13.000","13.000","13.000","0.02%"
"07/10/2020","93.493","13.000","13.000","13.000","1.22%"
"07/09/2020","92.362","13.500","13.500","13.500","0.01%"
"07/08/2020","92.356","13.500","13.500","13.500","1.20%"
"07/07/2020","91.264","13.990","13.990","13.990","0.01%"
"07/06/2020","91.257","13.990","13.990","13.990","0.02%"
"07/03/2020","91.238","13.990","13.990","13.990","-2.37%"
"07/02/2020","93.453","13.000","13.000","13.000","-3.62%"
"07/01/2020","96.967","11.500","11.500","11.500","1.25%"
"06/30/2020","95.770","12.000","12.000","12.000","790.88%"
"06/29/2020","10.750","10.750","10.750","10.750","-88.98%"
"06/26/2020","97.563","11.250","11.250","11.250","0.00%"
"06/25/2020","97.561","11.250","11.250","11.250","-11.37%"
"06/24/2020","110.071","11.250","11.250","11.250","-0.01%"
"06/23/2020","110.085","11.250","11.250","11.250","-0.01%"
"06/22/2020","110.099","11.250","11.250","11.250","0.73%"
"06/19/2020","109.300","11.750","11.750","11.750","-0.01%"
"06/18/2020","109.313","11.000","11.000","11.000","-0.78%"
"06/17/2020","110.169","11.250","11.250","11.250","-0.01%"
"06/16/2020","110.183","11.250","11.250","11.250","-0.40%"
"06/15/2020","110.624","11.000","11.000","11.000","0.74%"
"06/12/2020","109.814","11.500","11.500","11.500","0.19%"
"06/11/2020","109.607","11.630","11.630","11.630","1.34%"
"06/10/2020","108.160","11.630","11.630","11.630","-0.01%"
"06/09/2020","108.172","12.500","12.500","12.500","838.59%"
"06/08/2020","11.525","11.800","11.800","11.525","-89.51%"
"06/05/2020","109.909","11.500","11.500","11.500","2.34%"
"06/04/2020","107.399","13.000","13.000","13.000","-0.39%"
"06/03/2020","107.823","12.750","12.750","12.750","-0.78%"
"06/02/2020","108.673","12.250","12.250","12.250","0.38%"
"06/01/2020","108.264","12.500","12.500","12.500","-0.03%"
"05/29/2020","108.298","13.500","13.500","13.500","0.38%"
"05/28/2020","107.889","12.750","12.750","12.750","-0.01%"
"05/27/2020","107.900","12.750","12.750","12.750","0.38%"
"05/26/2020","107.493","13.000","13.000","13.000","-0.01%"
"05/25/2020","107.504","13.000","13.000","13.000","1.54%"
"05/22/2020","105.878","14.000","14.000","14.000","-1.55%"
"05/21/2020","107.545","14.000","14.000","14.000","-0.79%"
"05/20/2020","108.402","13.000","13.000","13.000","-0.01%"
"05/19/2020","108.414","12.500","12.500","12.500","2.36%"
"05/18/2020","105.912","14.000","14.000","14.000","0.75%"
"05/15/2020","105.119","14.500","14.500","14.500","-2.32%"
"05/14/2020","107.619","13.000","13.000","13.000","0.38%"
"05/13/2020","107.207","13.250","13.250","13.250","0.39%"
"05/12/2020","106.795","13.500","13.500","13.500","713.68%"
"05/11/2020","13.125","13.125","13.125","13.125","-87.52%"
"05/08/2020","105.157","14.500","14.500","14.500","-1.17%"
"05/07/2020","106.407","13.750","13.750","13.750","1.97%"
"05/06/2020","104.348","15.000","15.000","15.000","-0.78%"
"05/05/2020","105.171","14.500","14.500","14.500","0.77%"
"05/04/2020","104.368","14.990","14.990","14.990","607.58%"
"05/01/2020","14.750","14.750","14.750","14.750","-85.53%"
"04/30/2020","101.957","15.500","15.500","15.500","0.00%"
"04/29/2020","101.958","16.500","16.500","16.500","-1.55%"
"04/28/2020","103.561","15.500","15.500","15.500","1.57%"
"04/27/2020","101.959","16.500","16.500","16.500","-0.78%"
"04/24/2020","102.762","16.000","16.000","16.000","1.57%"
"04/23/2020","101.172","17.000","17.000","17.000","1.95%"
"04/22/2020","99.236","18.250","18.250","18.250","1.16%"
"04/21/2020","98.099","18.250","18.250","18.250","444.99%"
"04/20/2020","18.000","18.000","18.000","18.000","-81.65%"
"04/17/2020","98.085","19.000","19.000","19.000","0.00%"
"04/16/2020","98.081","19.000","19.000","19.000","0.00%"
"04/15/2020","98.078","19.000","19.000","19.000","0.00%"
"04/14/2020","98.074","19.000","19.000","19.000","0.77%"
"04/13/2020","97.320","19.500","19.500","19.500","0.01%"
"04/10/2020","97.307","19.500","19.500","19.500","0.00%"
"04/09/2020","97.303","19.500","19.500","19.500","0.00%"
"04/08/2020","97.299","19.500","19.500","19.500","0.01%"
"04/07/2020","97.294","19.500","19.500","19.500","0.00%"
"04/06/2020","97.290","19.500","19.500","19.500","0.01%"
"04/03/2020","97.278","19.500","19.500","19.500","3.92%"
"04/02/2020","93.610","22.000","22.000","22.000","0.01%"
"04/01/2020","93.602","22.000","22.000","22.000","0.01%"
"03/31/2020","93.594","22.000","22.000","22.000","3.07%"
"03/30/2020","90.804","24.000","24.000","24.000","-1.39%"
"03/27/2020","92.081","23.050","23.050","23.050","0.01%"
"03/26/2020","92.072","23.050","23.050","23.050","3.06%"
"03/25/2020","89.336","25.050","25.050","25.050","1.43%"
"03/24/2020","88.073","26.000","26.000","26.000","-2.64%"
"03/23/2020","90.457","28.100","28.100","28.100","0.03%"
"03/20/2020","90.426","24.200","24.200","24.200","0.01%"
"03/19/2020","90.415","24.200","24.200","24.200","-1.80%"
"03/18/2020","92.069","23.000","23.000","23.000","1.85%"
"03/17/2020","90.394","24.200","24.200","24.200","-7.53%"
"03/16/2020","97.752","19.150","19.150","19.150","0.01%"
"03/13/2020","97.743","18.150","18.150","18.150","-1.59%"
"03/12/2020","99.320","19.150","19.150","19.150","0.00%"
"03/11/2020","99.318","18.150","18.150","18.150","-8.17%"
"03/10/2020","108.157","13.550","13.550","13.550","622.25%"
"03/09/2020","14.975","13.990","14.975","13.990","-85.79%"
"03/06/2020","105.391","14.550","14.550","14.550","-2.53%"
"03/05/2020","108.127","13.040","13.040","13.040","4.47%"
"03/04/2020","103.496","13.050","13.050","13.050","-3.46%"
"03/03/2020","107.207","13.550","13.550","13.550","-2.13%"
"03/02/2020","109.537","12.260","12.260","12.260","-1.84%"
"02/28/2020","111.588","10.720","10.720","10.720","-0.90%"
"02/27/2020","112.603","10.700","10.700","10.700","0.01%"
"02/26/2020","112.597","10.700","10.700","10.700","-0.01%"
"02/25/2020","112.611","10.750","10.750","10.750","0.34%"
"02/24/2020","112.229","10.950","10.950","10.950","0.94%"
"02/21/2020","111.186","11.500","11.500","11.500","-1.33%"
"02/20/2020","112.680","10.750","10.750","10.750","0.16%"
"02/19/2020","112.495","10.500","10.500","10.500","-0.19%"
"02/18/2020","112.709","10.750","10.750","10.750","-0.46%"
"02/17/2020","113.225","10.500","10.500","10.500","0.41%"
"02/14/2020","112.765","10.750","10.750","10.750","-0.01%"
"02/13/2020","112.778","10.420","10.420","10.420","-0.57%"
"02/12/2020","113.420","10.440","10.440","10.440","0.45%"
"02/11/2020","112.907","10.700","10.700","10.700","-0.37%"
"02/10/2020","113.327","10.440","10.440","10.440","0.41%"
"02/07/2020","112.862","10.750","10.750","10.750","-0.46%"
"02/06/2020","113.385","10.500","10.500","10.500","-0.01%"
"02/05/2020","113.400","10.500","10.500","10.500","-0.45%"
"02/04/2020","113.908","10.260","10.260","10.260","0.88%"
"02/03/2020","112.918","10.750","10.750","10.750","-0.92%"
"01/31/2020","113.968","10.260","10.260","10.260","0.97%"
"01/30/2020","112.872","10.300","10.300","10.300","-0.01%"
"01/29/2020","112.886","10.800","10.800","10.800","-0.01%"
"01/28/2020","112.900","10.800","10.800","10.800","-0.01%"
"01/27/2020","112.914","10.800","10.800","10.800","-0.58%"
"01/24/2020","113.576","10.500","10.500","10.500","-0.01%"
"01/23/2020","113.590","10.500","10.500","10.500","-0.01%"
"01/22/2020","113.606","10.500","10.500","10.500","-0.01%"
"01/21/2020","113.620","10.500","10.500","10.500","-0.01%"
"01/20/2020","113.635","10.500","10.500","10.500","-0.04%"
"01/17/2020","113.679","10.500","10.500","10.500","-0.47%"
"01/16/2020","114.219","10.250","10.250","10.250","0.50%"
"01/15/2020","113.646","10.250","10.250","10.250","4.59%"
"01/14/2020","108.660","13.000","13.000","13.000","-1.36%"
"01/13/2020","110.153","12.250","12.250","12.250","-0.94%"
"01/10/2020","111.195","11.750","11.750","11.750","0.67%"
"01/09/2020","110.458","12.120","12.120","12.120","0.23%"
"01/08/2020","110.208","12.250","12.250","12.250","824.95%"
"01/07/2020","11.915","11.915","11.915","11.915","-0.04%"
"01/06/2020","11.920","11.920","11.920","11.920","-89.16%"
"01/03/2020","109.940","12.410","12.410","12.410","823.87%"
"01/02/2020","11.900","11.900","11.900","11.900","0.00%"
"01/01/2020","11.900","11.900","11.900","11.900","0.00%"
"12/31/2019","11.900","11.900","11.900","11.900","0.00%"
"12/30/2019","11.900","12.060","13.410","11.900","-89.16%"
"12/27/2019","109.733","12.550","12.550","12.550","1.04%"
"12/26/2019","108.602","13.250","13.250","13.250","760.21%"
"12/25/2019","12.625","12.625","12.625","12.625","-88.38%"
"12/24/2019","108.621","13.120","13.120","13.120","0.23%"
"12/23/2019","108.372","13.250","13.250","13.250","1.54%"
"12/20/2019","106.728","14.100","14.100","14.100","-1.77%"
"12/19/2019","108.648","13.130","13.130","13.130","0.45%"
"12/18/2019","108.158","13.380","13.380","13.380","-0.56%"
"12/17/2019","108.767","13.080","13.080","13.080","-0.03%"
"12/16/2019","108.797","13.070","13.070","13.070","0.40%"
"12/13/2019","108.364","12.650","12.650","12.650","0.58%"
"12/12/2019","107.735","13.300","13.300","13.300","-0.01%"
"12/11/2019","107.743","13.620","13.620","13.620","3.58%"
"12/10/2019","104.017","15.550","15.550","15.550","-3.24%"
"12/09/2019","107.502","14.620","14.620","14.620","3.33%"
"12/06/2019","104.037","15.550","15.550","15.550","-1.73%"
"12/05/2019","105.864","14.750","14.750","14.750","-0.65%"
"12/04/2019","106.554","14.250","14.250","14.250","-1.11%"
"12/03/2019","107.752","13.650","13.650","13.650","-0.01%"
"12/02/2019","107.761","13.650","13.650","13.650","-0.02%"
"11/29/2019","107.787","13.650","13.650","13.650","2.05%"
"11/28/2019","105.618","14.750","14.750","14.750","-0.01%"
"11/27/2019","105.625","14.750","14.750","14.750","-0.01%"
"11/26/2019","105.632","13.650","13.650","13.650","-1.37%"
"11/25/2019","107.100","14.010","14.010","14.010","0.43%"
"11/22/2019","106.645","14.250","14.250","14.250","-0.01%"
"11/21/2019","106.652","14.250","14.250","14.250","-0.01%"
"11/20/2019","106.660","14.250","14.250","14.250","-0.47%"
"11/19/2019","107.168","14.000","14.000","14.000","1.44%"
"11/18/2019","105.646","14.770","14.770","14.770","-0.50%"
"11/15/2019","106.181","14.510","14.510","14.510","-0.01%"
"11/14/2019","106.188","14.510","14.510","14.510","-0.49%"
"11/13/2019","106.714","14.250","14.250","14.250","0.94%"
"11/12/2019","105.724","14.750","14.750","14.750","-1.87%"
"11/11/2019","107.734","13.750","13.750","13.750","3.33%"
"11/08/2019","104.267","15.500","15.500","15.500","-0.15%"
"11/07/2019","104.424","15.420","15.420","15.420","-1.25%"
"11/06/2019","105.746","14.750","14.750","14.750","1.26%"
"11/05/2019","104.429","15.420","15.420","15.420","0.48%"
"11/04/2019","103.925","15.680","15.680","15.680","-0.01%"
"11/01/2019","103.931","15.680","15.680","15.680","0.00%"
"10/31/2019","103.934","15.680","15.680","15.680","0.13%"
"10/30/2019","103.800","15.750","15.750","15.750","0.11%"
"10/29/2019","103.685","15.810","15.810","15.810","1.30%"
"10/28/2019","102.358","16.500","16.500","16.500","-0.34%"
"10/25/2019","102.705","16.320","16.320","16.320","-0.60%"
"10/24/2019","103.325","16.000","16.000","16.000","0.47%"
"10/23/2019","102.842","16.250","16.250","16.250","0.13%"
"10/22/2019","102.708","16.320","16.320","16.320","0.34%"
"10/21/2019","102.363","16.500","16.500","16.500","-0.49%"
"10/18/2019","102.868","16.240","16.240","16.240","0.00%"
"10/17/2019","102.869","16.240","16.240","16.240","0.00%"
"10/16/2019","102.871","16.240","16.240","16.240","0.17%"
"10/15/2019","102.697","16.330","16.330","16.330","529.27%"
"10/14/2019","16.320","16.330","16.330","16.320","-84.11%"
"10/11/2019","102.702","16.330","16.330","16.330","0.00%"
"10/10/2019","102.703","16.330","16.330","16.330","0.00%"
"10/09/2019","102.705","16.330","16.330","16.330","0.00%"
"10/08/2019","102.705","16.330","16.330","16.330","1.28%"
"10/07/2019","101.411","17.000","17.000","17.000","-1.04%"
"10/04/2019","102.477","16.450","16.450","16.450","0.00%"
"10/03/2019","102.478","16.450","16.450","16.450","0.00%"
"10/02/2019","102.479","17.500","17.500","17.500","0.00%"
"10/01/2019","102.480","16.450","16.450","16.450","-0.08%"
"09/30/2019","102.560","16.410","16.410","16.410","0.15%"
"09/27/2019","102.407","16.490","16.490","16.490","0.02%"
"09/26/2019","102.389","16.500","16.500","16.500","-0.02%"
"09/25/2019","102.409","16.490","16.490","16.490","0.00%"
"09/24/2019","102.410","16.490","16.490","16.490","-0.12%"
"09/23/2019","102.530","16.430","16.430","16.430","0.00%"
"09/20/2019","102.535","16.430","16.430","16.430","0.00%"
"09/19/2019","102.536","16.430","16.430","16.430","0.00%"
"09/18/2019","102.537","16.430","16.430","16.430","0.00%"
"09/17/2019","102.539","16.430","16.430","16.430","0.25%"
"09/16/2019","102.283","16.560","16.560","16.560","-0.12%"
"09/13/2019","102.406","16.500","16.500","16.500","0.09%"
"09/12/2019","102.309","16.550","16.550","16.550","0.39%"
"09/11/2019","101.914","16.750","16.750","16.750","1.07%"
"09/10/2019","100.838","17.300","17.300","17.300","-0.10%"
"09/09/2019","100.936","17.250","17.250","17.250","0.00%"
"09/06/2019","100.936","17.250","17.250","17.250","0.00%"
"09/05/2019","100.937","17.250","17.250","17.250","1.46%"
"09/04/2019","99.486","18.000","18.000","18.000","-0.96%"
"09/03/2019","100.450","17.500","17.500","17.500","0.00%"
"09/02/2019","100.450","17.500","17.500","17.500","-0.49%"
"08/30/2019","100.940","17.250","17.250","17.250","0.49%"
"08/29/2019","100.450","17.500","17.500","17.500","-1.43%"
"08/28/2019","101.911","16.760","16.760","16.760","1.45%"
"08/27/2019","100.451","17.500","17.500","17.500","497.57%"
"08/26/2019","16.810","16.810","16.810","16.810","-83.49%"
"08/23/2019","101.819","16.810","16.810","16.810","1.36%"
"08/22/2019","100.451","17.500","17.500","17.500","0.00%"
"08/21/2019","100.452","17.500","17.500","17.500","-1.35%"
"08/20/2019","101.823","16.810","16.810","16.810","2.36%"
"08/19/2019","99.476","18.000","18.000","18.000","0.00%"
"08/16/2019","99.476","17.500","17.500","17.500","-0.97%"
"08/15/2019","100.454","17.500","17.500","17.500","0.00%"
"08/14/2019","100.455","17.500","17.500","17.500","0.99%"
"08/13/2019","99.475","18.000","18.000","18.000","-0.49%"
"08/12/2019","99.963","17.750","17.750","17.750","-0.49%"
"08/09/2019","100.458","17.500","17.500","17.500","-0.57%"
"08/08/2019","101.035","17.210","17.210","17.210","1.57%"
"08/07/2019","99.473","18.000","18.000","18.000","-1.55%"
"08/06/2019","101.038","17.210","17.210","17.210","0.58%"
"08/05/2019","100.459","17.500","17.500","17.500","-0.16%"
"08/02/2019","100.621","17.420","17.420","17.420","1.16%"
"08/01/2019","99.472","18.000","18.000","18.000","-1.14%"
"07/31/2019","100.623","17.420","17.420","17.420","1.16%"
"07/30/2019","99.473","18.000","18.000","18.000","-0.49%"
"07/29/2019","99.966","17.750","17.750","17.750","-0.06%"
"07/26/2019","100.027","17.720","17.720","17.720","-0.02%"
"07/25/2019","100.048","17.710","17.710","17.710","0.00%"
"07/24/2019","100.049","17.710","17.710","17.710","0.00%"
"07/23/2019","100.048","17.710","17.710","17.710","0.04%"
"07/22/2019","100.009","17.730","17.730","17.730","0.00%"
"07/19/2019","100.011","17.730","17.730","17.730","0.00%"
"07/18/2019","100.012","17.730","17.730","17.730","0.00%"
"07/17/2019","100.013","17.730","17.730","17.730","0.00%"
"07/16/2019","100.013","17.730","17.730","17.730","0.10%"
"07/15/2019","99.913","17.780","17.780","17.780","0.00%"
"07/12/2019","99.915","17.780","17.780","17.780","0.00%"
"07/11/2019","99.916","17.780","17.780","17.780","4.67%"
"07/10/2019","95.462","17.490","17.490","17.490","0.00%"
"07/09/2019","95.459","17.490","17.490","17.490","0.23%"
"07/08/2019","95.238","17.590","17.590","17.590","-0.01%"
"07/05/2019","95.252","17.580","17.580","17.580","0.00%"
"07/04/2019","95.249","19.000","19.000","19.000","0.00%"
"07/03/2019","95.247","17.580","17.580","17.580","-0.02%"
"07/02/2019","95.266","17.570","17.570","17.570","-0.11%"
"07/01/2019","95.373","17.520","17.520","17.520","444.68%"
"06/28/2019","17.510","17.510","17.510","17.510","-81.64%"
"06/27/2019","95.385","17.510","17.510","17.510","0.00%"
"06/26/2019","95.382","17.510","17.510","17.510","0.00%"
"06/25/2019","95.380","17.510","17.510","17.510","-0.04%"
"06/24/2019","95.422","17.490","17.490","17.490","0.01%"
"06/21/2019","95.414","17.490","17.490","17.490","-0.02%"
"06/20/2019","95.433","17.480","17.480","17.480","0.00%"
"06/19/2019","95.431","17.480","17.480","17.480","-0.21%"
"06/18/2019","95.629","17.390","17.390","17.390","450.22%"
"06/17/2019","17.380","17.380","17.380","17.380","-81.83%"
"06/14/2019","95.642","17.380","17.380","17.380","3.81%"
"06/13/2019","92.130","19.000","19.000","19.000","-3.69%"
"06/12/2019","95.661","17.370","17.370","17.370","0.00%"
"06/11/2019","95.659","17.370","17.370","17.370","0.87%"
"06/10/2019","94.836","17.740","17.740","17.740","-0.02%"
"06/07/2019","94.851","17.730","17.730","17.730","0.00%"
"06/06/2019","94.848","17.730","17.730","17.730","0.00%"
"06/05/2019","94.846","17.730","17.730","17.730","-0.02%"
"06/04/2019","94.866","17.720","17.720","17.720","0.17%"
"06/03/2019","94.709","17.790","17.790","17.790","-0.02%"
"05/31/2019","94.724","17.780","17.780","17.780","0.07%"
"05/30/2019","94.655","17.810","17.810","17.810","0.00%"
"05/29/2019","94.653","17.810","17.810","17.810","431.76%"
"05/28/2019","17.800","17.800","17.800","17.800","-6.32%"
"05/27/2019","19.000","19.000","19.000","19.000","6.03%"
"05/24/2019","17.920","17.920","17.920","17.920","0.00%"
"05/23/2019","17.920","17.920","17.920","17.920","0.06%"
"05/22/2019","17.910","17.910","17.910","17.910","0.00%"
"05/21/2019","17.910","17.910","17.910","17.910","0.67%"
"05/20/2019","17.790","17.790","17.790","17.790","0.00%"
"05/17/2019","17.790","17.790","17.790","17.790","0.00%"
"05/16/2019","17.790","17.790","17.790","17.790","0.06%"
"05/15/2019","17.780","17.780","17.780","17.780","-1.88%"
"05/14/2019","18.120","18.120","18.120","18.120","0.00%"
"05/13/2019","18.120","18.120","18.120","18.120","0.00%"
"05/10/2019","18.120","18.120","18.120","18.120","0.06%"
"05/09/2019","18.110","18.110","18.110","18.110","0.00%"
"05/08/2019","18.110","18.110","18.110","18.110","0.00%"
"05/07/2019","18.110","18.110","18.110","18.110","-0.60%"
"05/06/2019","18.220","18.220","18.220","18.220","0.05%"
"05/03/2019","18.210","18.210","18.210","18.210","-0.65%"
"05/02/2019","18.330","18.330","18.330","18.330","0.05%"
"05/01/2019","18.320","18.320","18.320","18.320","0.00%"
"04/30/2019","18.320","18.320","18.320","18.320","0.00%"
"04/29/2019","18.320","18.320","18.320","18.320","0.00%"
"04/26/2019","18.320","18.320","18.320","18.320","-0.60%"
"04/25/2019","18.430","18.430","18.430","18.430","0.00%"
"04/24/2019","18.430","18.430","18.430","18.430","0.05%"
"04/23/2019","18.420","18.420","18.420","18.420","0.82%"
"04/22/2019","18.270","18.270","18.270","18.270","0.00%"
"04/19/2019","18.270","18.270","18.270","18.270","0.00%"
"04/18/2019","18.270","18.270","18.270","18.270","0.00%"
"04/17/2019","18.270","18.270","18.270","18.270","0.00%"
"04/16/2019","18.270","18.270","18.270","18.270","-1.98%"
"04/15/2019","18.640","18.640","18.640","18.640","0.05%"
"04/12/2019","18.630","18.630","18.630","18.630","0.00%"
"04/11/2019","18.630","18.630","18.630","18.630","0.00%"
"04/10/2019","18.630","18.630","18.630","18.630","0.00%"
"04/09/2019","18.630","18.630","18.630","18.630","1.19%"
"04/08/2019","18.410","18.410","18.410","18.410","0.05%"
"04/05/2019","18.400","18.400","18.400","18.400","0.00%"
"04/04/2019","18.400","18.400","18.400","18.400","0.00%"
"04/03/2019","18.400","18.400","18.400","18.400","0.00%"
"04/02/2019","18.400","18.400","18.400","18.400","8.04%"
"04/01/2019","17.030","17.030","17.030","17.030","0.06%"
"03/29/2019","17.020","17.020","17.020","17.020","-0.47%"
"03/28/2019","17.100","17.100","17.100","17.100","0.06%"
"03/27/2019","17.090","17.090","17.090","17.090","0.00%"
"03/26/2019","17.090","17.090","17.090","17.090","1.24%"
"03/25/2019","16.880","16.880","16.880","16.880","0.06%"
"03/22/2019","16.870","16.870","16.870","16.870","0.06%"
"03/21/2019","16.860","16.860","16.860","16.860","0.00%"
"03/20/2019","16.860","16.860","16.860","16.860","0.00%"
"03/19/2019","16.860","16.860","16.860","16.860","0.66%"
"03/18/2019","16.750","16.750","16.750","16.750","0.06%"
"03/15/2019","16.740","16.740","16.740","16.740","0.00%"
"03/14/2019","16.740","16.740","16.740","16.740","0.00%"
"03/13/2019","16.740","16.740","16.740","16.740","0.00%"
"03/12/2019","16.740","16.740","16.740","16.740","0.06%"
"03/11/2019","16.730","16.730","16.730","16.730","0.06%"
"03/08/2019","16.720","16.720","16.720","16.720","0.00%"
"03/07/2019","16.720","16.720","16.720","16.720","0.00%"
"03/06/2019","16.720","16.720","16.720","16.720","0.06%"
"03/05/2019","16.710","16.710","16.710","16.710","-2.45%"
"03/04/2019","17.130","17.130","17.130","17.130","0.06%"
"03/01/2019","17.120","17.120","17.120","17.120","0.06%"
"02/28/2019","17.110","17.110","17.110","17.110","-0.06%"
"02/27/2019","17.120","17.120","17.120","17.120","0.00%"
"02/26/2019","17.120","17.120","17.120","17.120","0.94%"
"02/25/2019","16.960","16.960","16.960","16.960","0.06%"
"02/22/2019","16.950","16.950","16.950","16.950","0.00%"
"02/21/2019","16.950","16.950","16.950","16.950","-11.07%"
"02/20/2019","19.060","19.060","19.060","19.060","0.05%"
"02/19/2019","19.050","19.050","19.050","19.050","-0.88%"
"02/18/2019","19.220","19.220","19.220","19.220","0.00%"
"02/15/2019","19.220","19.220","19.220","19.220","0.05%"
"02/14/2019","19.210","19.210","19.210","19.210","0.00%"
"02/13/2019","19.210","19.210","19.210","19.210","0.00%"
"02/12/2019","19.210","19.210","19.210","19.210","4.57%"
"02/11/2019","18.370","18.370","18.370","18.370","0.05%"
"02/08/2019","18.360","18.360","18.360","18.360","0.00%"
"02/07/2019","18.360","18.360","18.360","18.360","0.05%"
"02/06/2019","18.350","18.350","18.350","18.350","0.00%"
"02/05/2019","18.350","18.350","18.350","18.350","-0.81%"
"02/04/2019","18.500","18.500","18.500","18.500","0.05%"
"02/01/2019","18.490","18.490","18.490","18.490","0.00%"
"01/31/2019","18.490","18.490","18.490","18.490","-0.16%"
"01/30/2019","18.520","18.520","18.520","18.520","0.00%"
"01/29/2019","18.520","18.520","18.520","18.520","-0.27%"
"01/28/2019","18.570","18.570","18.570","18.570","0.05%"
"01/25/2019","18.560","18.560","18.560","18.560","0.00%"
"01/24/2019","18.560","18.560","18.560","18.560","0.00%"
"01/23/2019","18.560","18.560","18.560","18.560","0.05%"
"01/22/2019","18.550","18.550","18.550","18.550","-2.88%"
"01/21/2019","19.100","19.100","19.100","19.100","0.05%"
"01/18/2019","19.090","19.090","19.090","19.090","0.00%"
"01/17/2019","19.090","19.090","19.090","19.090","0.00%"
"01/16/2019","19.090","19.090","19.090","19.090","0.00%"
"01/15/2019","19.090","19.090","19.090","19.090","0.16%"
"01/14/2019","19.060","19.060","19.060","19.060","-9.24%"
"01/11/2019","21.000","21.000","21.000","21.000","10.24%"
"01/10/2019","19.050","19.050","19.050","19.050","0.00%"
"01/09/2019","19.050","19.050","19.050","19.050","-0.16%"
"01/08/2019","19.080","19.080","19.080","19.080","-0.05%"
"01/07/2019","19.090","19.070","19.090","19.070","0.10%"
"01/04/2019","19.070","19.070","19.070","19.070","0.26%"
"01/03/2019","19.020","19.020","19.020","19.020","0.00%"
"01/02/2019","19.020","19.020","19.020","19.020","0.05%"
"01/01/2019","19.010","19.010","19.010","19.010","0.00%"
"12/31/2018","19.010","19.230","19.230","19.010","-9.48%"
"12/28/2018","21.000","21.000","21.000","21.000","9.20%"
"12/27/2018","19.230","19.230","19.230","19.230","-8.43%"
"12/26/2018","21.000","21.000","21.000","21.000","12.00%"
"12/25/2018","18.750","18.750","18.750","18.750","0.00%"
"12/24/2018","18.750","18.740","18.750","18.740","0.05%"
"12/21/2018","18.740","18.740","18.740","18.740","0.05%"
"12/20/2018","18.730","18.730","18.730","18.730","0.00%"
"12/19/2018","18.730","18.730","18.730","18.730","0.00%"
"12/18/2018","18.730","18.730","18.730","18.730","-0.32%"
"12/17/2018","18.790","18.790","18.790","18.790","0.05%"
"12/14/2018","18.780","18.780","18.780","18.780","0.00%"
"12/13/2018","18.780","18.780","18.780","18.780","0.05%"
"12/12/2018","18.770","18.770","18.770","18.770","0.00%"
"12/11/2018","18.770","18.770","18.770","18.770","-1.00%"
"12/10/2018","18.960","18.960","18.960","18.960","0.05%"
"12/07/2018","18.950","18.950","18.950","18.950","0.00%"
"12/06/2018","18.950","18.950","18.950","18.950","0.00%"
"12/05/2018","18.950","18.950","18.950","18.950","0.05%"
"12/04/2018","18.940","18.940","18.940","18.940","1.28%"
"12/03/2018","18.700","18.700","18.700","18.700","0.05%"
"11/30/2018","18.690","18.690","18.690","18.690","1.74%"
"11/29/2018","18.370","18.370","18.370","18.370","0.00%"
"11/28/2018","18.370","18.370","18.370","18.370","0.00%"
"11/27/2018","18.370","18.370","18.370","18.370","0.77%"
"11/26/2018","18.230","18.230","18.230","18.230","0.05%"
"11/23/2018","18.220","18.220","18.220","18.220","0.00%"
"11/22/2018","18.220","18.220","18.220","18.220","0.00%"
"11/21/2018","18.220","18.220","18.220","18.220","0.05%"
"11/20/2018","18.210","18.210","18.210","18.210","0.44%"
"11/19/2018","18.130","18.130","18.130","18.130","0.06%"
"11/16/2018","18.120","18.120","18.120","18.120","0.00%"
"11/15/2018","18.120","18.120","18.120","18.120","0.00%"
"11/14/2018","18.120","18.120","18.120","18.120","0.06%"
"11/13/2018","18.110","18.110","18.110","18.110","-0.22%"
"11/12/2018","18.150","18.150","18.150","18.150","0.06%"
"11/09/2018","18.140","18.140","18.140","18.140","0.00%"
"11/08/2018","18.140","18.140","18.140","18.140","0.00%"
"11/07/2018","18.140","18.140","18.140","18.140","0.06%"
"11/06/2018","18.130","18.130","18.130","18.130","-0.49%"
"11/05/2018","18.220","18.220","18.220","18.220","0.05%"
"11/02/2018","18.210","18.210","18.210","18.210","0.00%"
"11/01/2018","18.210","18.210","18.210","18.210","0.00%"
"10/31/2018","18.210","18.210","18.210","18.210","0.00%"
"10/30/2018","18.210","18.210","18.210","18.210","0.83%"
"10/29/2018","18.060","18.060","18.060","18.060","0.06%"
"10/26/2018","18.050","18.050","18.050","18.050","0.00%"
"10/25/2018","18.050","18.050","18.050","18.050","0.00%"
"10/24/2018","18.050","18.050","18.050","18.050","0.06%"
"10/23/2018","18.040","18.040","18.040","18.040","-0.77%"
"10/22/2018","18.180","18.180","18.180","18.180","-2.05%"
"10/19/2018","18.560","18.560","18.560","18.560","0.00%"
"10/18/2018","18.560","18.560","18.560","18.560","0.00%"
"10/17/2018","18.560","18.560","18.560","18.560","-1.07%"
"10/16/2018","18.760","18.760","18.760","18.760","-0.05%"
"10/15/2018","18.770","18.750","18.770","18.750","0.11%"
"10/12/2018","18.750","18.750","18.750","18.750","0.00%"
"10/11/2018","18.750","18.750","18.750","18.750","0.00%"
"10/10/2018","18.750","18.750","18.750","18.750","0.00%"
"10/09/2018","18.750","18.750","18.750","18.750","0.00%"
"10/08/2018","18.750","18.750","18.750","18.750","0.05%"
"10/05/2018","18.740","18.740","18.740","18.740","0.00%"
"10/04/2018","18.740","18.740","18.740","18.740","0.00%"
"10/03/2018","18.740","18.740","18.740","18.740","0.05%"
"10/02/2018","18.730","18.730","18.730","18.730","0.21%"
"10/01/2018","18.690","18.690","18.690","18.690","0.00%"
"09/28/2018","18.690","18.690","18.690","18.690","0.59%"
"09/27/2018","18.580","18.580","18.580","18.580","0.00%"
"09/26/2018","18.580","18.580","18.580","18.580","0.00%"
"09/25/2018","18.580","18.580","18.580","18.580","-0.27%"
"09/24/2018","18.630","18.630","18.630","18.630","0.00%"
"09/21/2018","18.630","18.630","18.630","18.630","0.00%"
"09/20/2018","18.630","18.630","18.630","18.630","0.05%"
"09/19/2018","18.620","18.620","18.620","18.620","0.00%"
"09/18/2018","18.620","18.620","18.620","18.620","0.11%"
"09/17/2018","18.600","18.600","18.600","18.600","0.00%"
"09/14/2018","18.600","18.600","18.600","18.600","0.00%"
"09/13/2018","18.600","18.600","18.600","18.600","0.00%"
"09/12/2018","18.600","18.600","18.600","18.600","0.00%"
"09/11/2018","18.600","18.600","18.600","18.600","1.97%"
"09/10/2018","18.240","18.240","18.240","18.240","0.05%"
"09/07/2018","18.230","18.230","18.230","18.230","0.00%"
"09/06/2018","18.230","18.230","18.230","18.230","0.00%"
"09/05/2018","18.230","18.230","18.230","18.230","0.00%"
"09/04/2018","18.230","18.230","18.230","18.230","1.50%"
"09/03/2018","17.960","17.960","17.960","17.960","0.06%"
"08/31/2018","17.950","17.950","17.950","17.950","0.22%"
"08/30/2018","17.910","17.910","17.910","17.910","0.06%"
"08/29/2018","17.900","17.900","17.900","17.900","0.00%"
"08/28/2018","17.900","17.900","17.900","17.900","-0.28%"
"08/27/2018","17.950","17.950","17.950","17.950","0.00%"
"08/24/2018","17.950","17.940","17.950","17.940","0.06%"
"08/23/2018","17.940","17.940","17.940","17.940","0.00%"
"08/22/2018","17.940","17.940","17.940","17.940","0.00%"
"08/21/2018","17.940","17.940","17.940","17.940","4.24%"
"08/20/2018","17.210","17.210","17.210","17.210","0.06%"
"08/17/2018","17.200","17.200","17.200","17.200","0.00%"
"08/16/2018","17.200","17.200","17.200","17.200","0.00%"
"08/15/2018","17.200","17.200","17.200","17.200","0.06%"
"08/14/2018","17.190","17.190","17.190","17.190","0.76%"
"08/13/2018","17.060","17.060","17.060","17.060","0.06%"
"08/10/2018","17.050","17.050","17.050","17.050","0.00%"
"08/09/2018","17.050","17.050","17.050","17.050","0.00%"
"08/08/2018","17.050","17.050","17.050","17.050","0.00%"
"08/07/2018","17.050","17.050","17.050","17.050","-0.23%"
"08/06/2018","17.090","17.090","17.090","17.090","0.06%"
"08/03/2018","17.080","17.080","17.080","17.080","0.00%"
"08/02/2018","17.080","17.080","17.080","17.080","0.00%"
"08/01/2018","17.080","17.080","17.080","17.080","0.00%"
"07/31/2018","17.080","17.080","17.080","17.080","0.29%"
"07/30/2018","17.030","17.030","17.030","17.030","0.00%"
"07/27/2018","17.030","17.030","17.030","17.030","0.06%"
"07/26/2018","17.020","17.020","17.020","17.020","0.00%"
"07/25/2018","17.020","17.020","17.020","17.020","0.00%"
"07/24/2018","17.020","17.020","17.020","17.020","1.01%"
"07/23/2018","16.850","16.850","16.850","16.850","0.00%"
"07/20/2018","16.850","16.850","16.850","16.850","0.00%"
"07/19/2018","16.850","16.850","16.850","16.850","0.06%"
"07/18/2018","16.840","16.840","16.840","16.840","0.00%"
"07/17/2018","16.840","16.840","16.840","16.840","-4.10%"
"07/16/2018","17.560","17.560","17.560","17.560","0.06%"
"07/13/2018","17.550","17.550","17.550","17.550","0.00%"
"07/12/2018","17.550","17.550","17.550","17.550","0.00%"
"07/11/2018","17.550","17.550","17.550","17.550","0.00%"
"07/10/2018","17.550","17.550","17.550","17.550","3.85%"
"07/09/2018","16.900","16.900","16.900","16.900","0.00%"